<?xml version = '1.0' encoding = 'UTF-8'?>
<relationalModel class="oracle.dbtools.crest.model.design.relational.RelationalDesign" name="Relational_1" id="FD65B8C0-E9FF-85B4-8471-880F1E533532" mainViewID="10B76DC0-F092-CD85-4F04-5BB93A6B1E66">
<createdBy>benca</createdBy>
<createdTime>2023-09-11 01:55:45 UTC</createdTime>
<ownerDesignName>pf_oraclemodel</ownerDesignName>
<shouldBeOpen>false</shouldBeOpen>
<selectedRDBMSSite>3FD120B5-9F4E-6278-D5E2-746D192C8319</selectedRDBMSSite>
</relationalModel>