<?xml version = '1.0' encoding = 'UTF-8'?>
<Table class="oracle.dbtools.crest.model.design.relational.Table" directorySegmentName="seg_0" id="0D4A270D-1ED5-9F86-B851-F45ED83A9779" name="PRESCRIPTION">
<createdBy>benca</createdBy>
<createdTime>2023-09-13 11:03:57 UTC</createdTime>
<generatorID>6E489605-A658-4109-A736-80288A32648E</generatorID>
<ownerDesignName>pf_oraclemodel</ownerDesignName>
<allowColumnReorder>false</allowColumnReorder>
<existDependencyGenerateInDDl>true</existDependencyGenerateInDDl>
<parsed>true</parsed>
<columns itemClass="oracle.dbtools.crest.model.design.relational.Column">
<Column name="visit_id" id="90B9BC93-DB01-2187-8FEC-9D0E9773656A">
<createdBy>benca</createdBy>
<createdTime>2023-09-13 11:03:57 UTC</createdTime>
<commentInRDBMS><![CDATA[Unique identifier for a visit]]></commentInRDBMS>
<generatorID>F81A0EF6-7E96-05DD-180F-FD239C4E8473</generatorID>
<ownerDesignName>pf_oraclemodel</ownerDesignName>
<useDomainConstraints>false</useDomainConstraints>
<use>1</use>
<logicalDatatype>LOGDT019</logicalDatatype>
<dataTypePrecision>7</dataTypePrecision>
<ownDataTypeParameters>,,</ownDataTypeParameters>
<previousColumn>false</previousColumn>
<autoIncrementCycle>false</autoIncrementCycle>
<associations>
<colAssociation fkAssociation="53B0AEE8-D2EB-EACF-EF9B-F87DD92C83B8" referredColumn="529785DA-2256-413C-CC18-0FC31C724306"/>
</associations>
</Column>
<Column name="drug_id" id="6AC48537-1D9F-50B7-6A64-ADBDFF813EDD">
<createdBy>benca</createdBy>
<createdTime>2023-09-13 11:03:57 UTC</createdTime>
<commentInRDBMS><![CDATA[Unique identifier of drug]]></commentInRDBMS>
<generatorID>3EB65FFB-3F9B-A88D-3B30-43AE0CBF6BBF</generatorID>
<ownerDesignName>pf_oraclemodel</ownerDesignName>
<useDomainConstraints>false</useDomainConstraints>
<use>1</use>
<logicalDatatype>LOGDT019</logicalDatatype>
<dataTypePrecision>4</dataTypePrecision>
<ownDataTypeParameters>,,</ownDataTypeParameters>
<previousColumn>false</previousColumn>
<autoIncrementCycle>false</autoIncrementCycle>
<associations>
<colAssociation fkAssociation="2B860EDB-8DAC-14B8-D157-38C49F43E8CA" referredColumn="9551FBE8-2765-BC4C-9F91-8ABC45A7A661"/>
</associations>
</Column>
<Column name="prescription_dosage" id="E64154D2-1507-3A42-9275-66ABBADC407C">
<createdBy>benca</createdBy>
<createdTime>2023-09-13 11:03:57 UTC</createdTime>
<commentInRDBMS><![CDATA[Dosage of drug for prescription]]></commentInRDBMS>
<generatorID>11840638-BBDD-AD41-701A-F72E0B4C8BD1</generatorID>
<ownerDesignName>pf_oraclemodel</ownerDesignName>
<useDomainConstraints>false</useDomainConstraints>
<use>1</use>
<logicalDatatype>LOGDT024</logicalDatatype>
<dataTypeSize>60</dataTypeSize>
<ownDataTypeParameters>60,,</ownDataTypeParameters>
<autoIncrementCycle>false</autoIncrementCycle>
</Column>
<Column name="prescription_freqadmin" id="EC86C34D-A14F-8D7B-7357-6DF6F996730F">
<createdBy>benca</createdBy>
<createdTime>2023-09-13 11:03:57 UTC</createdTime>
<commentInRDBMS><![CDATA[Frequency of administration for the drug in the prescription]]></commentInRDBMS>
<generatorID>94EA0BAD-B1B5-90B5-E8E3-2580B5925DBB</generatorID>
<ownerDesignName>pf_oraclemodel</ownerDesignName>
<useDomainConstraints>false</useDomainConstraints>
<use>1</use>
<logicalDatatype>LOGDT024</logicalDatatype>
<dataTypeSize>60</dataTypeSize>
<ownDataTypeParameters>60,,</ownDataTypeParameters>
<autoIncrementCycle>false</autoIncrementCycle>
</Column>
<Column name="prescription_qtysupplied" id="3CAAE7F1-C953-44CC-DB94-49D6C5EF2774">
<createdBy>benca</createdBy>
<createdTime>2023-09-13 11:03:57 UTC</createdTime>
<commentInRDBMS><![CDATA[Quantity of drug supplied for prescription]]></commentInRDBMS>
<generatorID>92FCA3C1-4648-2A34-CD3B-2D42534649EB</generatorID>
<ownerDesignName>pf_oraclemodel</ownerDesignName>
<useDomainConstraints>false</useDomainConstraints>
<use>1</use>
<logicalDatatype>LOGDT019</logicalDatatype>
<dataTypePrecision>4</dataTypePrecision>
<ownDataTypeParameters>,4,</ownDataTypeParameters>
<autoIncrementCycle>false</autoIncrementCycle>
</Column>
<Column name="prescription_linecost" id="58987C34-CEB9-8ABA-3D06-E79094B811B3">
<createdBy>benca</createdBy>
<createdTime>2023-09-13 11:03:57 UTC</createdTime>
<commentInRDBMS><![CDATA[Line cost for drug prescription]]></commentInRDBMS>
<generatorID>A1C10997-961E-63F9-0A5F-CE52C3866241</generatorID>
<ownerDesignName>pf_oraclemodel</ownerDesignName>
<useDomainConstraints>false</useDomainConstraints>
<use>1</use>
<logicalDatatype>LOGDT019</logicalDatatype>
<dataTypePrecision>6</dataTypePrecision>
<dataTypeScale>2</dataTypeScale>
<ownDataTypeParameters>,6,2</ownDataTypeParameters>
<autoIncrementCycle>false</autoIncrementCycle>
</Column>
</columns>
<indexes itemClass="oracle.dbtools.crest.model.design.relational.Index">
<ind_PK_UK id="C2AF7FA6-78CC-C75E-30E4-9156340A9A94" name="PRESCRIPTION_PK">
<createdBy>benca</createdBy>
<createdTime>2023-09-13 11:03:57 UTC</createdTime>
<generatorID>942C3997-B66B-E76B-82FE-6B3E20A7A132</generatorID>
<ownerDesignName>pf_oraclemodel</ownerDesignName>
<pk>true</pk>
<indexState>Primary Constraint</indexState>
<isSurrogateKey>false</isSurrogateKey>
<indexColumnUsage>
<colUsage columnID="90B9BC93-DB01-2187-8FEC-9D0E9773656A"/>
<colUsage columnID="6AC48537-1D9F-50B7-6A64-ADBDFF813EDD"/>
</indexColumnUsage>
</ind_PK_UK>
<ind_PK_UK id="550D0A8F-6DC0-0B75-4162-119D9F280EFC" name="drug_prescription">
<createdBy>benca</createdBy>
<createdTime>2023-09-13 11:03:57 UTC</createdTime>
<generatorID>624D5182-6F22-4385-8657-E28384283D3B</generatorID>
<ownerDesignName>pf_oraclemodel</ownerDesignName>
<indexState>Foreign Key</indexState>
<isSurrogateKey>false</isSurrogateKey>
<indexColumnUsage>
<colUsage columnID="6AC48537-1D9F-50B7-6A64-ADBDFF813EDD"/>
</indexColumnUsage>
</ind_PK_UK>
<ind_PK_UK id="6E83F787-A53D-594A-C27A-7057E3166C52" name="visit_prescription">
<createdBy>benca</createdBy>
<createdTime>2023-09-13 11:03:57 UTC</createdTime>
<generatorID>DAC39A0E-D232-97E3-EE6A-9D37EDBFA967</generatorID>
<ownerDesignName>pf_oraclemodel</ownerDesignName>
<indexState>Foreign Key</indexState>
<isSurrogateKey>false</isSurrogateKey>
<indexColumnUsage>
<colUsage columnID="90B9BC93-DB01-2187-8FEC-9D0E9773656A"/>
</indexColumnUsage>
</ind_PK_UK>
</indexes>
</Table>
