<?xml version = '1.0' encoding = 'UTF-8'?>
<Table class="oracle.dbtools.crest.model.design.relational.Table" directorySegmentName="seg_0" id="28FAC2E2-4393-93E2-AE55-9BBC5CC21740" name="SPECIALITY">
<createdBy>benca</createdBy>
<createdTime>2023-09-13 11:03:57 UTC</createdTime>
<generatorID>5C0C47AE-C27C-31A4-1621-818BEE06335A</generatorID>
<ownerDesignName>pf_oraclemodel</ownerDesignName>
<allowColumnReorder>false</allowColumnReorder>
<existDependencyGenerateInDDl>true</existDependencyGenerateInDDl>
<parsed>true</parsed>
<columns itemClass="oracle.dbtools.crest.model.design.relational.Column">
<Column name="speciality_id" id="CC912A38-6BF1-C4F9-0F76-62694FCF90DB">
<createdBy>benca</createdBy>
<createdTime>2023-09-13 11:03:57 UTC</createdTime>
<commentInRDBMS><![CDATA[Unique Identifyer for Speciality]]></commentInRDBMS>
<generatorID>701E6C0D-C88F-62F2-0C92-77B45F8A697D</generatorID>
<ownerDesignName>pf_oraclemodel</ownerDesignName>
<useDomainConstraints>false</useDomainConstraints>
<use>1</use>
<logicalDatatype>LOGDT019</logicalDatatype>
<dataTypePrecision>3</dataTypePrecision>
<ownDataTypeParameters>,3,</ownDataTypeParameters>
<autoIncrementCycle>false</autoIncrementCycle>
</Column>
<Column name="speciality_name" id="AE7D9851-17A5-981B-EDCD-86665F6B0989">
<createdBy>benca</createdBy>
<createdTime>2023-09-13 11:03:57 UTC</createdTime>
<commentInRDBMS><![CDATA[Name of Speciality]]></commentInRDBMS>
<generatorID>04C804DE-D830-CF61-1111-BF626447C614</generatorID>
<ownerDesignName>pf_oraclemodel</ownerDesignName>
<constraintName>speciality_name</constraintName>
<useDomainConstraints>false</useDomainConstraints>
<use>1</use>
<logicalDatatype>LOGDT024</logicalDatatype>
<dataTypeSize>20</dataTypeSize>
<ownDataTypeParameters>20,,</ownDataTypeParameters>
<autoIncrementCycle>false</autoIncrementCycle>
</Column>
</columns>
<indexes itemClass="oracle.dbtools.crest.model.design.relational.Index">
<ind_PK_UK id="06086404-F81A-925C-F259-51C3AFF7CA4B" name="SPECIALITY_PK">
<createdBy>benca</createdBy>
<createdTime>2023-09-13 11:03:57 UTC</createdTime>
<generatorID>479B211C-767D-1D4C-4FBE-6E6096B361D0</generatorID>
<ownerDesignName>pf_oraclemodel</ownerDesignName>
<pk>true</pk>
<indexState>Primary Constraint</indexState>
<isSurrogateKey>false</isSurrogateKey>
<indexColumnUsage>
<colUsage columnID="CC912A38-6BF1-C4F9-0F76-62694FCF90DB"/>
</indexColumnUsage>
</ind_PK_UK>
</indexes>
</Table>
