<?xml version = '1.0' encoding = 'UTF-8'?>
<Table class="oracle.dbtools.crest.model.design.relational.Table" directorySegmentName="seg_0" id="6FE0C50C-29FC-63B0-C608-8E7F83E32E46" name="SERVICE">
<createdBy>benca</createdBy>
<createdTime>2023-09-13 11:03:57 UTC</createdTime>
<generatorID>CFC3C2C0-C18F-616B-2DD2-984F3B420836</generatorID>
<ownerDesignName>pf_oraclemodel</ownerDesignName>
<allowColumnReorder>false</allowColumnReorder>
<existDependencyGenerateInDDl>true</existDependencyGenerateInDDl>
<parsed>true</parsed>
<columns itemClass="oracle.dbtools.crest.model.design.relational.Column">
<Column name="service_code" id="8A97BB33-5B46-9D34-AFE3-B9B1A6BD8E6F">
<createdBy>benca</createdBy>
<createdTime>2023-09-13 11:03:57 UTC</createdTime>
<commentInRDBMS><![CDATA[Service code (unique idenitifier with "ABC00". First three characters uppercase letters, last two characters are numbers)]]></commentInRDBMS>
<generatorID>AF19AE55-18A7-2BD4-08CA-0625946EEE70</generatorID>
<ownerDesignName>pf_oraclemodel</ownerDesignName>
<useDomainConstraints>false</useDomainConstraints>
<use>1</use>
<logicalDatatype>LOGDT025</logicalDatatype>
<dataTypeSize>5</dataTypeSize>
<ownDataTypeParameters>5,,</ownDataTypeParameters>
<autoIncrementCycle>false</autoIncrementCycle>
</Column>
<Column name="service_desc" id="9EA2E4F4-C260-309E-4A50-F36765C32EAF">
<createdBy>benca</createdBy>
<createdTime>2023-09-13 11:03:57 UTC</createdTime>
<commentInRDBMS><![CDATA[Description of service]]></commentInRDBMS>
<generatorID>006F7D62-1C91-C443-207B-8D9A561207A8</generatorID>
<ownerDesignName>pf_oraclemodel</ownerDesignName>
<useDomainConstraints>false</useDomainConstraints>
<use>1</use>
<logicalDatatype>LOGDT024</logicalDatatype>
<dataTypeSize>100</dataTypeSize>
<ownDataTypeParameters>100,,</ownDataTypeParameters>
<autoIncrementCycle>false</autoIncrementCycle>
</Column>
<Column name="service_charge" id="B25A1E96-7550-9696-AF40-71940349EFD0">
<createdBy>benca</createdBy>
<createdTime>2023-09-13 11:03:57 UTC</createdTime>
<commentInRDBMS><![CDATA[Standard charge for the service]]></commentInRDBMS>
<generatorID>5A066A3B-23F6-BA37-345C-968ECD7EC203</generatorID>
<ownerDesignName>pf_oraclemodel</ownerDesignName>
<useDomainConstraints>false</useDomainConstraints>
<use>1</use>
<logicalDatatype>LOGDT019</logicalDatatype>
<dataTypePrecision>6</dataTypePrecision>
<dataTypeScale>2</dataTypeScale>
<ownDataTypeParameters>,6,2</ownDataTypeParameters>
<autoIncrementCycle>false</autoIncrementCycle>
</Column>
</columns>
<indexes itemClass="oracle.dbtools.crest.model.design.relational.Index">
<ind_PK_UK id="A1CD58DD-A754-FEC3-F2CA-544859FC6C97" name="SERVICE_PK">
<createdBy>benca</createdBy>
<createdTime>2023-09-13 11:03:57 UTC</createdTime>
<generatorID>6B1C72C5-4770-B4FC-825F-9905605EFEDC</generatorID>
<ownerDesignName>pf_oraclemodel</ownerDesignName>
<pk>true</pk>
<indexState>Primary Constraint</indexState>
<isSurrogateKey>false</isSurrogateKey>
<indexColumnUsage>
<colUsage columnID="8A97BB33-5B46-9D34-AFE3-B9B1A6BD8E6F"/>
</indexColumnUsage>
</ind_PK_UK>
</indexes>
</Table>
