<?xml version = '1.0' encoding = 'UTF-8'?>
<Table class="oracle.dbtools.crest.model.design.relational.Table" directorySegmentName="seg_0" id="A6405A16-27DC-AF06-0F24-8D37C0135528" name="CLINIC">
<createdBy>benca</createdBy>
<createdTime>2023-09-13 11:03:57 UTC</createdTime>
<generatorID>6A869E8E-B835-66C7-4C9C-0856BD720B98</generatorID>
<ownerDesignName>pf_oraclemodel</ownerDesignName>
<allowColumnReorder>false</allowColumnReorder>
<existDependencyGenerateInDDl>true</existDependencyGenerateInDDl>
<parsed>true</parsed>
<columns itemClass="oracle.dbtools.crest.model.design.relational.Column">
<Column name="clinic_id" id="5D1590EE-4512-71DE-8245-5814FB4CDCA1">
<createdBy>benca</createdBy>
<createdTime>2023-09-13 11:03:57 UTC</createdTime>
<commentInRDBMS><![CDATA[Unique identifier for the clinic]]></commentInRDBMS>
<generatorID>CA40A826-36C1-E88B-EAC2-AC078E5E1026</generatorID>
<ownerDesignName>pf_oraclemodel</ownerDesignName>
<useDomainConstraints>false</useDomainConstraints>
<use>1</use>
<logicalDatatype>LOGDT019</logicalDatatype>
<dataTypePrecision>4</dataTypePrecision>
<ownDataTypeParameters>,4,</ownDataTypeParameters>
<autoIncrementCycle>false</autoIncrementCycle>
</Column>
<Column name="clinic_name" id="8D94C08B-5347-0860-B555-EF0D887977E4">
<createdBy>benca</createdBy>
<createdTime>2023-09-13 11:03:57 UTC</createdTime>
<commentInRDBMS><![CDATA[Name of the clinic]]></commentInRDBMS>
<generatorID>33423B86-F019-898A-3BB5-FFF93F96AABE</generatorID>
<ownerDesignName>pf_oraclemodel</ownerDesignName>
<useDomainConstraints>false</useDomainConstraints>
<use>1</use>
<logicalDatatype>LOGDT024</logicalDatatype>
<dataTypeSize>50</dataTypeSize>
<ownDataTypeParameters>50,,</ownDataTypeParameters>
<autoIncrementCycle>false</autoIncrementCycle>
</Column>
<Column name="clinic_address" id="70139BEC-EDF9-5736-0EB4-D3AC2DAB5ACD">
<createdBy>benca</createdBy>
<createdTime>2023-09-13 11:03:57 UTC</createdTime>
<commentInRDBMS><![CDATA[Full street address of the clinic]]></commentInRDBMS>
<generatorID>B0A6C846-8E26-138D-A434-89EE954089C4</generatorID>
<ownerDesignName>pf_oraclemodel</ownerDesignName>
<useDomainConstraints>false</useDomainConstraints>
<use>1</use>
<logicalDatatype>LOGDT024</logicalDatatype>
<dataTypeSize>80</dataTypeSize>
<ownDataTypeParameters>80,,</ownDataTypeParameters>
<autoIncrementCycle>false</autoIncrementCycle>
</Column>
<Column name="clinic_phoneno" id="3169A1A1-AC15-378A-E68A-B69A053B60CD">
<createdBy>benca</createdBy>
<createdTime>2023-09-13 11:03:57 UTC</createdTime>
<commentInRDBMS><![CDATA[Phone number of the clinic]]></commentInRDBMS>
<generatorID>E55C8ED5-06BF-A57D-2035-403804283A7E</generatorID>
<ownerDesignName>pf_oraclemodel</ownerDesignName>
<useDomainConstraints>false</useDomainConstraints>
<use>1</use>
<logicalDatatype>LOGDT025</logicalDatatype>
<dataTypeSize>10</dataTypeSize>
<ownDataTypeParameters>10,,</ownDataTypeParameters>
<autoIncrementCycle>false</autoIncrementCycle>
</Column>
<Column name="vet_id" id="B95046F9-9ED8-86C2-F4BC-A111D462E369">
<createdBy>benca</createdBy>
<createdTime>2023-09-13 11:03:57 UTC</createdTime>
<commentInRDBMS><![CDATA[Unique identifier for vet]]></commentInRDBMS>
<generatorID>68CEB382-401D-BE27-E984-CEA0B8EBEB8B</generatorID>
<ownerDesignName>pf_oraclemodel</ownerDesignName>
<useDomainConstraints>false</useDomainConstraints>
<use>1</use>
<logicalDatatype>LOGDT019</logicalDatatype>
<dataTypePrecision>4</dataTypePrecision>
<ownDataTypeParameters>,,</ownDataTypeParameters>
<previousColumn>false</previousColumn>
<autoIncrementCycle>false</autoIncrementCycle>
<associations>
<colAssociation fkAssociation="572AF9C5-3D2D-2DDA-91B3-3C1A50E8D842" referredColumn="16B94C15-7293-01FD-0C91-1721D2D8230A"/>
</associations>
</Column>
</columns>
<indexes itemClass="oracle.dbtools.crest.model.design.relational.Index">
<ind_PK_UK id="7E125C72-8F9B-4C92-7739-9F602F9DB9B8" name="CLINIC_PK">
<createdBy>benca</createdBy>
<createdTime>2023-09-13 11:03:57 UTC</createdTime>
<generatorID>475EE603-79EC-0206-B481-AA64022664A5</generatorID>
<ownerDesignName>pf_oraclemodel</ownerDesignName>
<pk>true</pk>
<indexState>Primary Constraint</indexState>
<isSurrogateKey>false</isSurrogateKey>
<indexColumnUsage>
<colUsage columnID="5D1590EE-4512-71DE-8245-5814FB4CDCA1"/>
</indexColumnUsage>
</ind_PK_UK>
<ind_PK_UK id="80A9B22F-5A82-9CE0-6DB7-C3EC647CA5D6" name="CLINIC__IDX">
<createdBy>benca</createdBy>
<createdTime>2023-09-13 11:03:57 UTC</createdTime>
<ownerDesignName>pf_oraclemodel</ownerDesignName>
<indexState>Unique Plain Index</indexState>
<isSurrogateKey>false</isSurrogateKey>
<relationGeneratorID>696E868D-7B2B-F629-3AFF-EC1F849E2EE9</relationGeneratorID>
<indexColumnUsage>
<colUsage columnID="B95046F9-9ED8-86C2-F4BC-A111D462E369"/>
</indexColumnUsage>
</ind_PK_UK>
<ind_PK_UK id="A4B47171-65EB-6CD3-C749-3D206C4FD499" name="vet_clinic">
<createdBy>benca</createdBy>
<createdTime>2023-09-13 11:03:57 UTC</createdTime>
<generatorID>696E868D-7B2B-F629-3AFF-EC1F849E2EE9</generatorID>
<ownerDesignName>pf_oraclemodel</ownerDesignName>
<indexState>Foreign Key</indexState>
<isSurrogateKey>false</isSurrogateKey>
<indexColumnUsage>
<colUsage columnID="B95046F9-9ED8-86C2-F4BC-A111D462E369"/>
</indexColumnUsage>
</ind_PK_UK>
</indexes>
</Table>
