<?xml version = '1.0' encoding = 'UTF-8'?>
<Table class="oracle.dbtools.crest.model.design.relational.Table" directorySegmentName="seg_0" id="D316001A-E61A-90EB-D4E3-CD9D79D98E48" name="VET">
<createdBy>benca</createdBy>
<createdTime>2023-09-13 11:03:57 UTC</createdTime>
<generatorID>EC905B43-2210-DC51-1AED-ECE293140062</generatorID>
<ownerDesignName>pf_oraclemodel</ownerDesignName>
<allowColumnReorder>false</allowColumnReorder>
<existDependencyGenerateInDDl>true</existDependencyGenerateInDDl>
<parsed>true</parsed>
<columns itemClass="oracle.dbtools.crest.model.design.relational.Column">
<Column name="vet_id" id="16B94C15-7293-01FD-0C91-1721D2D8230A">
<createdBy>benca</createdBy>
<createdTime>2023-09-13 11:03:57 UTC</createdTime>
<commentInRDBMS><![CDATA[Unique identifier for vet]]></commentInRDBMS>
<generatorID>1018D05E-1BA9-B412-4CF3-4C082A5826EC</generatorID>
<ownerDesignName>pf_oraclemodel</ownerDesignName>
<useDomainConstraints>false</useDomainConstraints>
<use>1</use>
<logicalDatatype>LOGDT019</logicalDatatype>
<dataTypePrecision>4</dataTypePrecision>
<ownDataTypeParameters>,4,</ownDataTypeParameters>
<autoIncrementCycle>false</autoIncrementCycle>
</Column>
<Column name="vet_gname" id="A958FD05-A4E1-9A41-3134-1848A22D7B27">
<createdBy>benca</createdBy>
<createdTime>2023-09-13 11:03:57 UTC</createdTime>
<commentInRDBMS><![CDATA[Given name of vet (optional because vet may not have a given name)]]></commentInRDBMS>
<generatorID>2CE3C8D7-EB29-3AEB-0B0B-E4B7739E261D</generatorID>
<ownerDesignName>pf_oraclemodel</ownerDesignName>
<nullsAllowed>true</nullsAllowed>
<useDomainConstraints>false</useDomainConstraints>
<use>1</use>
<logicalDatatype>LOGDT024</logicalDatatype>
<dataTypeSize>30</dataTypeSize>
<ownDataTypeParameters>30,,</ownDataTypeParameters>
<autoIncrementCycle>false</autoIncrementCycle>
</Column>
<Column name="vet_fname" id="0030F39A-589D-7A2B-5BA0-FF1F5CE0B882">
<createdBy>benca</createdBy>
<createdTime>2023-09-13 11:03:57 UTC</createdTime>
<commentInRDBMS><![CDATA[Family name of vet (optional because vet may choose not to provide their family name)]]></commentInRDBMS>
<generatorID>9A67D541-1AA6-1326-BF2A-010D5511C3CE</generatorID>
<ownerDesignName>pf_oraclemodel</ownerDesignName>
<nullsAllowed>true</nullsAllowed>
<useDomainConstraints>false</useDomainConstraints>
<use>1</use>
<logicalDatatype>LOGDT024</logicalDatatype>
<dataTypeSize>30</dataTypeSize>
<ownDataTypeParameters>30,,</ownDataTypeParameters>
<autoIncrementCycle>false</autoIncrementCycle>
</Column>
<Column name="vet_phoneno" id="019BF7FF-4F7E-34BD-2C4B-181269C784DD">
<createdBy>benca</createdBy>
<createdTime>2023-09-13 11:03:57 UTC</createdTime>
<commentInRDBMS><![CDATA[Phone number of vet]]></commentInRDBMS>
<generatorID>5EAC0100-F7CD-E0E4-6E34-A21B03A95D08</generatorID>
<ownerDesignName>pf_oraclemodel</ownerDesignName>
<useDomainConstraints>false</useDomainConstraints>
<use>1</use>
<logicalDatatype>LOGDT025</logicalDatatype>
<dataTypeSize>10</dataTypeSize>
<ownDataTypeParameters>10,,</ownDataTypeParameters>
<autoIncrementCycle>false</autoIncrementCycle>
</Column>
<Column name="vet_dateemployed" id="C1C42EBD-D6AF-8314-591C-CA8F1A9D326B">
<createdBy>benca</createdBy>
<createdTime>2023-09-13 11:03:57 UTC</createdTime>
<commentInRDBMS><![CDATA[Date of employment for vet]]></commentInRDBMS>
<generatorID>166E05B9-B34D-BC0D-3CA3-279E346B75FC</generatorID>
<ownerDesignName>pf_oraclemodel</ownerDesignName>
<useDomainConstraints>false</useDomainConstraints>
<use>1</use>
<logicalDatatype>LOGDT007</logicalDatatype>
<ownDataTypeParameters>,,</ownDataTypeParameters>
<autoIncrementCycle>false</autoIncrementCycle>
</Column>
<Column name="clinic_id" id="ED5CF513-AFC5-B742-D261-E05B8F64EEA7">
<createdBy>benca</createdBy>
<createdTime>2023-09-13 11:03:57 UTC</createdTime>
<commentInRDBMS><![CDATA[Unique identifier for the clinic]]></commentInRDBMS>
<generatorID>7DB781EC-A074-1195-01CE-700A57131A61</generatorID>
<ownerDesignName>pf_oraclemodel</ownerDesignName>
<useDomainConstraints>false</useDomainConstraints>
<use>1</use>
<logicalDatatype>LOGDT019</logicalDatatype>
<dataTypePrecision>4</dataTypePrecision>
<ownDataTypeParameters>,,</ownDataTypeParameters>
<previousColumn>false</previousColumn>
<autoIncrementCycle>false</autoIncrementCycle>
<associations>
<colAssociation fkAssociation="BA814DD7-40CD-5CD9-ACB7-9EC67CD05D25" referredColumn="5D1590EE-4512-71DE-8245-5814FB4CDCA1"/>
</associations>
</Column>
<Column name="speciality_id" id="07F32326-5002-C210-BFBE-961F725D9E3D">
<createdBy>benca</createdBy>
<createdTime>2023-09-13 11:03:57 UTC</createdTime>
<commentInRDBMS><![CDATA[Unique Identifyer for Speciality]]></commentInRDBMS>
<generatorID>1F0A6C4B-5021-5ADB-CFB2-FCC8C94BD0AB</generatorID>
<ownerDesignName>pf_oraclemodel</ownerDesignName>
<nullsAllowed>true</nullsAllowed>
<useDomainConstraints>false</useDomainConstraints>
<use>1</use>
<logicalDatatype>LOGDT019</logicalDatatype>
<dataTypePrecision>3</dataTypePrecision>
<ownDataTypeParameters>,,</ownDataTypeParameters>
<previousColumn>false</previousColumn>
<autoIncrementCycle>false</autoIncrementCycle>
<associations>
<colAssociation fkAssociation="A7E88EB3-B6A5-75D5-CF95-2FEF52D3089B" referredColumn="CC912A38-6BF1-C4F9-0F76-62694FCF90DB"/>
</associations>
</Column>
</columns>
<indexes itemClass="oracle.dbtools.crest.model.design.relational.Index">
<ind_PK_UK id="12A2F924-87BC-E461-E3D4-6770B3F7BF10" name="VET_PK">
<createdBy>benca</createdBy>
<createdTime>2023-09-13 11:03:57 UTC</createdTime>
<generatorID>4B97C42F-1745-9A5A-D41B-606753B8F32B</generatorID>
<ownerDesignName>pf_oraclemodel</ownerDesignName>
<pk>true</pk>
<indexState>Primary Constraint</indexState>
<isSurrogateKey>false</isSurrogateKey>
<indexColumnUsage>
<colUsage columnID="16B94C15-7293-01FD-0C91-1721D2D8230A"/>
</indexColumnUsage>
</ind_PK_UK>
<ind_PK_UK id="65B04FCB-FE45-B931-4F62-995E49F9ED8A" name="clinic_vet">
<createdBy>benca</createdBy>
<createdTime>2023-09-13 11:03:57 UTC</createdTime>
<generatorID>FFFCBAF7-9F41-D2C5-E51E-96A80FCE9680</generatorID>
<ownerDesignName>pf_oraclemodel</ownerDesignName>
<indexState>Foreign Key</indexState>
<isSurrogateKey>false</isSurrogateKey>
<indexColumnUsage>
<colUsage columnID="ED5CF513-AFC5-B742-D261-E05B8F64EEA7"/>
</indexColumnUsage>
</ind_PK_UK>
<ind_PK_UK id="3FFEE239-437F-4D56-CD39-C5339BD9DE02" name="specialty_vet">
<createdBy>benca</createdBy>
<createdTime>2023-09-13 11:03:57 UTC</createdTime>
<generatorID>4CCAE0ED-9124-79D1-D269-F189D9EBFB28</generatorID>
<ownerDesignName>pf_oraclemodel</ownerDesignName>
<indexState>Foreign Key</indexState>
<isSurrogateKey>false</isSurrogateKey>
<indexColumnUsage>
<colUsage columnID="07F32326-5002-C210-BFBE-961F725D9E3D"/>
</indexColumnUsage>
</ind_PK_UK>
</indexes>
</Table>
