<?xml version = '1.0' encoding = 'UTF-8'?>
<Relation class="oracle.dbtools.crest.model.design.logical.Relation" name="vet_visit" directorySegmentName="seg_0" id="1D68649A-8BD3-4EE4-D997-0840CF7D4CD7">
<createdBy>User</createdBy>
<createdTime>2023-09-12 11:13:01 UTC</createdTime>
<ownerDesignName>pf_oraclemodel</ownerDesignName>
<engineerTo>
<item key="FD65B8C0-E9FF-85B4-8471-880F1E533532" value="true"/>
</engineerTo>
<sourcePk>4B97C42F-1745-9A5A-D41B-606753B8F32B</sourcePk>
<identifying>false</identifying>
<nameOnSource>attends_to</nameOnSource>
<nameOnTarget> </nameOnTarget>
<optionalSource>true</optionalSource>
<optionalTarget>false</optionalTarget>
<sourceCardinality>1</sourceCardinality>
<sourceEntity>EC905B43-2210-DC51-1AED-ECE293140062</sourceEntity>
<targetCardinalityString>*</targetCardinalityString>
<targetEntity>A7E4FC74-9AAC-A1BB-0C10-B3C927CB22C8</targetEntity>
<transferable>true</transferable>
<deleteRule>NO ACTION</deleteRule>
</Relation>
