<?xml version = '1.0' encoding = 'UTF-8'?>
<Relation class="oracle.dbtools.crest.model.design.logical.Relation" name="service_serviceline" directorySegmentName="seg_0" id="2F8D54F3-E1AC-A397-1469-71F0BAF6DB51">
<createdBy>benca</createdBy>
<createdTime>2023-09-11 02:32:13 UTC</createdTime>
<ownerDesignName>pf_oraclemodel</ownerDesignName>
<engineerTo>
<item key="FD65B8C0-E9FF-85B4-8471-880F1E533532" value="true"/>
</engineerTo>
<sourcePk>6B1C72C5-4770-B4FC-825F-9905605EFEDC</sourcePk>
<identifying>true</identifying>
<nameOnSource>categorises</nameOnSource>
<nameOnTarget> </nameOnTarget>
<optionalSource>true</optionalSource>
<optionalTarget>false</optionalTarget>
<sourceCardinality>1</sourceCardinality>
<sourceEntity>CFC3C2C0-C18F-616B-2DD2-984F3B420836</sourceEntity>
<targetCardinalityString>*</targetCardinalityString>
<targetEntity>D0159928-93D7-5E1D-4CBC-3DAED39AD24F</targetEntity>
<transferable>true</transferable>
<deleteRule>NO ACTION</deleteRule>
</Relation>
