<?xml version = '1.0' encoding = 'UTF-8'?>
<Relation class="oracle.dbtools.crest.model.design.logical.Relation" name="visit_subsequent_visit" directorySegmentName="seg_0" id="4F746D77-B70B-AAF8-FF2F-1C024115628B">
<createdBy>User</createdBy>
<createdTime>2023-09-12 11:30:05 UTC</createdTime>
<ownerDesignName>pf_oraclemodel</ownerDesignName>
<engineerTo>
<item key="FD65B8C0-E9FF-85B4-8471-880F1E533532" value="true"/>
</engineerTo>
<targetPk>CA0CCE9D-C6DA-03BC-32CA-2282C43901DB</targetPk>
<identifying>false</identifying>
<nameOnSource>creates_subsequent</nameOnSource>
<nameOnTarget> </nameOnTarget>
<optionalSource>true</optionalSource>
<optionalTarget>true</optionalTarget>
<sourceCardinality>1</sourceCardinality>
<sourceEntity>A7E4FC74-9AAC-A1BB-0C10-B3C927CB22C8</sourceEntity>
<targetCardinalityString>*</targetCardinalityString>
<targetEntity>A7E4FC74-9AAC-A1BB-0C10-B3C927CB22C8</targetEntity>
<transferable>true</transferable>
<deleteRule>NO ACTION</deleteRule>
</Relation>
