<?xml version = '1.0' encoding = 'UTF-8'?>
<Relation class="oracle.dbtools.crest.model.design.logical.Relation" name="vet_clinic" directorySegmentName="seg_0" id="696E868D-7B2B-F629-3AFF-EC1F849E2EE9">
<createdBy>User</createdBy>
<createdTime>2023-09-12 11:16:40 UTC</createdTime>
<ownerDesignName>pf_oraclemodel</ownerDesignName>
<engineerTo>
<item key="FD65B8C0-E9FF-85B4-8471-880F1E533532" value="true"/>
</engineerTo>
<sourcePk>4B97C42F-1745-9A5A-D41B-606753B8F32B</sourcePk>
<identifying>false</identifying>
<nameOnSource>heads</nameOnSource>
<nameOnTarget> </nameOnTarget>
<optionalSource>true</optionalSource>
<optionalTarget>false</optionalTarget>
<sourceCardinality>1</sourceCardinality>
<sourceEntity>EC905B43-2210-DC51-1AED-ECE293140062</sourceEntity>
<targetCardinalityString>1</targetCardinalityString>
<targetEntity>6A869E8E-B835-66C7-4C9C-0856BD720B98</targetEntity>
<transferable>true</transferable>
<deleteRule>NO ACTION</deleteRule>
</Relation>
