<?xml version = '1.0' encoding = 'UTF-8'?>
<Relation class="oracle.dbtools.crest.model.design.logical.Relation" name="vet_traning" directorySegmentName="seg_0" id="6A61191C-E424-8B7B-BA77-13FA76C403E2">
<createdBy>User</createdBy>
<createdTime>2023-09-12 10:49:23 UTC</createdTime>
<ownerDesignName>pf_oraclemodel</ownerDesignName>
<engineerTo>
<item key="FD65B8C0-E9FF-85B4-8471-880F1E533532" value="true"/>
</engineerTo>
<sourcePk>4B97C42F-1745-9A5A-D41B-606753B8F32B</sourcePk>
<identifying>false</identifying>
<nameOnSource>provides</nameOnSource>
<nameOnTarget> </nameOnTarget>
<optionalSource>true</optionalSource>
<optionalTarget>false</optionalTarget>
<sourceCardinality>1</sourceCardinality>
<sourceEntity>EC905B43-2210-DC51-1AED-ECE293140062</sourceEntity>
<targetCardinalityString>*</targetCardinalityString>
<targetEntity>40D02555-1193-3B39-4387-13BE1CCD8E00</targetEntity>
<transferable>true</transferable>
<deleteRule>NO ACTION</deleteRule>
</Relation>
