<?xml version = '1.0' encoding = 'UTF-8'?>
<Relation class="oracle.dbtools.crest.model.design.logical.Relation" name="visit_serviceline" directorySegmentName="seg_0" id="EAAE9FBC-5861-3386-93C1-6077A24FF68D">
<createdBy>benca</createdBy>
<createdTime>2023-09-11 02:32:47 UTC</createdTime>
<ownerDesignName>pf_oraclemodel</ownerDesignName>
<engineerTo>
<item key="FD65B8C0-E9FF-85B4-8471-880F1E533532" value="true"/>
</engineerTo>
<sourcePk>CA0CCE9D-C6DA-03BC-32CA-2282C43901DB</sourcePk>
<identifying>true</identifying>
<nameOnSource>contains</nameOnSource>
<nameOnTarget> </nameOnTarget>
<optionalSource>false</optionalSource>
<optionalTarget>false</optionalTarget>
<sourceCardinality>1</sourceCardinality>
<sourceEntity>A7E4FC74-9AAC-A1BB-0C10-B3C927CB22C8</sourceEntity>
<targetCardinalityString>*</targetCardinalityString>
<targetEntity>D0159928-93D7-5E1D-4CBC-3DAED39AD24F</targetEntity>
<transferable>true</transferable>
<deleteRule>NO ACTION</deleteRule>
</Relation>
