<?xml version = '1.0' encoding = 'UTF-8'?>
<Diagram class="oracle.dbtools.crest.swingui.relational.DPVRelational" name="Relational_1" id="10B76DC0-F092-CD85-4F04-5BB93A6B1E66">
<createdBy>benca</createdBy>
<modifiedBy>benca</modifiedBy>
<createdTime>2023-09-11 01:56:08 UTC</createdTime>
<autoRoute>false</autoRoute>
<boxInbox>true</boxInbox>
<showLegend>false</showLegend>
<showLabels>false</showLabels>
<showRelAttributes>false</showRelAttributes>
<gridEnabled>false</gridEnabled>
<showGrid>false</showGrid>
<diagramColor>-1</diagramColor>
<display>false</display>
<notation>1</notation>
<objectViews>
<OView class="oracle.dbtools.crest.swingui.relational.TVTable" oid="05A268B7-BDBA-520D-EC28-8511A6D8955F" otype="Table" vid="61E277FF-A092-82A3-7462-48416FB45E0C">
<hideElementsInCurrentOnly>false</hideElementsInCurrentOnly>
<bounds x="1277" y="484" width="216" height="113"/>
</OView>
<OView class="oracle.dbtools.crest.swingui.relational.TVTable" oid="0D4A270D-1ED5-9F86-B851-F45ED83A9779" otype="Table" vid="541B3E48-1E41-FFC8-CAA1-0ECF28DD4359">
<hideElementsInCurrentOnly>false</hideElementsInCurrentOnly>
<bounds x="952" y="456" width="266" height="167"/>
</OView>
<OView class="oracle.dbtools.crest.swingui.relational.TVTable" oid="10528421-0F51-1536-1CC4-02A772A765A8" otype="Table" vid="3C5C9F59-33DD-3D59-B497-3C7EDFF2AA1D">
<hideElementsInCurrentOnly>false</hideElementsInCurrentOnly>
<bounds x="947" y="75" width="217" height="168"/>
</OView>
<OView class="oracle.dbtools.crest.swingui.relational.TVTable" oid="1B85E5BD-F5CE-F03F-CDCA-4A169F9BFF21" otype="Table" vid="551A3225-8EF5-307A-7DC4-093525B80B84">
<hideElementsInCurrentOnly>false</hideElementsInCurrentOnly>
<bounds x="973" y="657" width="231" height="131"/>
</OView>
<OView class="oracle.dbtools.crest.swingui.relational.TVTable" oid="28FAC2E2-4393-93E2-AE55-9BBC5CC21740" otype="Table" vid="67C33EFC-F8E8-0D9A-9B78-BFD23749D043">
<hideElementsInCurrentOnly>false</hideElementsInCurrentOnly>
<bounds x="961" y="357" width="207" height="82"/>
</OView>
<OView class="oracle.dbtools.crest.swingui.relational.TVTable" oid="6FE0C50C-29FC-63B0-C608-8E7F83E32E46" otype="Table" vid="70C33FA3-CAFD-FE16-E1F2-A13962964111">
<hideElementsInCurrentOnly>false</hideElementsInCurrentOnly>
<bounds x="1283" y="667" width="217" height="104"/>
</OView>
<OView class="oracle.dbtools.crest.swingui.relational.TVTable" oid="82893A76-86AE-1EF1-F264-1DC44B8F9F3E" otype="Table" vid="5807CF48-CC35-464D-7490-3E4DDA117A84">
<hideElementsInCurrentOnly>false</hideElementsInCurrentOnly>
<bounds x="669" y="497" width="228" height="279"/>
</OView>
<OView class="oracle.dbtools.crest.swingui.relational.TVTable" oid="8E62C755-3B2F-0AEF-30D9-239590F98F85" otype="Table" vid="FFAB5D5F-7D97-CACE-0CC7-25692174F4A1">
<hideElementsInCurrentOnly>false</hideElementsInCurrentOnly>
<bounds x="389" y="544" width="210" height="172"/>
</OView>
<OView class="oracle.dbtools.crest.swingui.relational.TVTable" oid="A6405A16-27DC-AF06-0F24-8D37C0135528" otype="Table" vid="6194A464-8DCB-8404-2409-55D53681EF5F">
<hideElementsInCurrentOnly>false</hideElementsInCurrentOnly>
<bounds x="331" y="269" width="213" height="161"/>
</OView>
<OView class="oracle.dbtools.crest.swingui.relational.TVTable" oid="D316001A-E61A-90EB-D4E3-CD9D79D98E48" otype="Table" vid="D9F1FFA0-25A3-1518-5A4C-1E531E7485EE">
<hideElementsInCurrentOnly>false</hideElementsInCurrentOnly>
<bounds x="667" y="262" width="228" height="181"/>
</OView>
<OView class="oracle.dbtools.crest.swingui.relational.TVTable" oid="DD713361-FA6D-B283-4E9C-17CDB9ADF8E4" otype="Table" vid="3D191A40-8667-E309-02E0-33849BCD257E">
<hideElementsInCurrentOnly>false</hideElementsInCurrentOnly>
<bounds x="94" y="571" width="215" height="94"/>
</OView>
<OView class="oracle.dbtools.crest.swingui.relational.TVTable" oid="DF1149D3-C6F1-10E6-36B3-025CC5B5A7EC" otype="Table" vid="8F8198D9-0CC5-1C41-7613-F4C32DDAF5F1">
<hideElementsInCurrentOnly>false</hideElementsInCurrentOnly>
<bounds x="395" y="753" width="207" height="112"/>
</OView>
<OView class="oracle.dbtools.crest.swingui.relational.TVTable" oid="E0295D6E-ABD0-8256-AEC2-DE1157043F06" otype="Table" vid="D80B8BA7-7993-69AE-2F25-5B357CEA7465">
<hideElementsInCurrentOnly>false</hideElementsInCurrentOnly>
<bounds x="677" y="51" width="212" height="165"/>
</OView>
</objectViews>
<connectors>
<Connector class="oracle.dbtools.crest.swingui.relational.TVFKRelation" oid="1797955F-DB7F-6F4F-955D-12C5D5A5487F" otype="FKIndexAssociation" vid_source="D9F1FFA0-25A3-1518-5A4C-1E531E7485EE" vid_target="D80B8BA7-7993-69AE-2F25-5B357CEA7465">
<hideElementsInCurrentOnly>false</hideElementsInCurrentOnly>
<backgroundColor>-16777216</backgroundColor>
<lineWidth>1</lineWidth>
<points>
<point x="783" y="262"/>
<point x="783" y="216"/>
</points>
</Connector>
<Connector class="oracle.dbtools.crest.swingui.relational.TVFKRelation" oid="2832EFFD-1D58-1284-C53A-B361B6AC5B9E" otype="FKIndexAssociation" vid_source="70C33FA3-CAFD-FE16-E1F2-A13962964111" vid_target="551A3225-8EF5-307A-7DC4-093525B80B84">
<hideElementsInCurrentOnly>false</hideElementsInCurrentOnly>
<backgroundColor>-16777216</backgroundColor>
<lineWidth>1</lineWidth>
<points>
<point x="1283" y="719"/>
<point x="1204" y="719"/>
</points>
</Connector>
<Connector class="oracle.dbtools.crest.swingui.relational.TVFKRelation" oid="2B860EDB-8DAC-14B8-D157-38C49F43E8CA" otype="FKIndexAssociation" vid_source="61E277FF-A092-82A3-7462-48416FB45E0C" vid_target="541B3E48-1E41-FFC8-CAA1-0ECF28DD4359">
<hideElementsInCurrentOnly>false</hideElementsInCurrentOnly>
<backgroundColor>-16777216</backgroundColor>
<lineWidth>1</lineWidth>
<points>
<point x="1277" y="540"/>
<point x="1218" y="540"/>
</points>
</Connector>
<Connector class="oracle.dbtools.crest.swingui.relational.TVFKRelation" oid="53B0AEE8-D2EB-EACF-EF9B-F87DD92C83B8" otype="FKIndexAssociation" vid_source="5807CF48-CC35-464D-7490-3E4DDA117A84" vid_target="541B3E48-1E41-FFC8-CAA1-0ECF28DD4359">
<hideElementsInCurrentOnly>false</hideElementsInCurrentOnly>
<backgroundColor>-16777216</backgroundColor>
<lineWidth>1</lineWidth>
<points>
<point x="897" y="560"/>
<point x="952" y="560"/>
</points>
</Connector>
<Connector class="oracle.dbtools.crest.swingui.relational.TVFKRelation" oid="572AF9C5-3D2D-2DDA-91B3-3C1A50E8D842" otype="FKIndexAssociation" vid_source="D9F1FFA0-25A3-1518-5A4C-1E531E7485EE" vid_target="6194A464-8DCB-8404-2409-55D53681EF5F">
<hideElementsInCurrentOnly>false</hideElementsInCurrentOnly>
<backgroundColor>-16777216</backgroundColor>
<lineWidth>1</lineWidth>
<points>
<point x="667" y="349"/>
<point x="544" y="349"/>
</points>
</Connector>
<Connector class="oracle.dbtools.crest.swingui.relational.TVFKRelation" oid="577E497B-5D31-DBF0-024C-0BE01163E882" otype="FKIndexAssociation" vid_source="D80B8BA7-7993-69AE-2F25-5B357CEA7465" vid_target="3C5C9F59-33DD-3D59-B497-3C7EDFF2AA1D">
<hideElementsInCurrentOnly>false</hideElementsInCurrentOnly>
<backgroundColor>-16777216</backgroundColor>
<lineWidth>1</lineWidth>
<points>
<point x="889" y="145"/>
<point x="947" y="145"/>
</points>
</Connector>
<Connector class="oracle.dbtools.crest.swingui.relational.TVFKRelation" oid="68A6931B-AACC-EE4C-7251-80F0D80AB863" otype="FKIndexAssociation" vid_source="3D191A40-8667-E309-02E0-33849BCD257E" vid_target="FFAB5D5F-7D97-CACE-0CC7-25692174F4A1">
<hideElementsInCurrentOnly>false</hideElementsInCurrentOnly>
<backgroundColor>-16777216</backgroundColor>
<lineWidth>1</lineWidth>
<points>
<point x="309" y="618"/>
<point x="389" y="618"/>
</points>
</Connector>
<Connector class="oracle.dbtools.crest.swingui.relational.TVFKRelation" oid="820205C2-B88C-F1BE-861C-AB8318660874" otype="FKIndexAssociation" vid_source="5807CF48-CC35-464D-7490-3E4DDA117A84" vid_target="551A3225-8EF5-307A-7DC4-093525B80B84">
<hideElementsInCurrentOnly>false</hideElementsInCurrentOnly>
<backgroundColor>-16777216</backgroundColor>
<lineWidth>1</lineWidth>
<points>
<point x="897" y="716"/>
<point x="973" y="716"/>
</points>
</Connector>
<Connector class="oracle.dbtools.crest.swingui.relational.TVFKRelation" oid="969ABC77-4D04-8E03-3398-BC58B617C429" otype="FKIndexAssociation" vid_source="8F8198D9-0CC5-1C41-7613-F4C32DDAF5F1" vid_target="FFAB5D5F-7D97-CACE-0CC7-25692174F4A1">
<hideElementsInCurrentOnly>false</hideElementsInCurrentOnly>
<backgroundColor>-16777216</backgroundColor>
<lineWidth>1</lineWidth>
<points>
<point x="497" y="753"/>
<point x="497" y="716"/>
</points>
</Connector>
<Connector class="oracle.dbtools.crest.swingui.relational.TVFKRelation" oid="A7E88EB3-B6A5-75D5-CF95-2FEF52D3089B" otype="FKIndexAssociation" vid_source="67C33EFC-F8E8-0D9A-9B78-BFD23749D043" vid_target="D9F1FFA0-25A3-1518-5A4C-1E531E7485EE">
<hideElementsInCurrentOnly>false</hideElementsInCurrentOnly>
<backgroundColor>-16777216</backgroundColor>
<lineWidth>1</lineWidth>
<points>
<point x="961" y="413"/>
<point x="895" y="413"/>
</points>
</Connector>
<Connector class="oracle.dbtools.crest.swingui.relational.TVFKRelation" oid="ACC6DB80-B7ED-BC45-2D4F-7ADA0FAB6287" otype="FKIndexAssociation" vid_source="D9F1FFA0-25A3-1518-5A4C-1E531E7485EE" vid_target="5807CF48-CC35-464D-7490-3E4DDA117A84">
<hideElementsInCurrentOnly>false</hideElementsInCurrentOnly>
<backgroundColor>-16777216</backgroundColor>
<lineWidth>1</lineWidth>
<points>
<point x="782" y="443"/>
<point x="782" y="497"/>
</points>
</Connector>
<Connector class="oracle.dbtools.crest.swingui.relational.TVFKRelation" oid="AED69477-2CC2-F12B-F9DC-ECB9DA96F9DF" otype="FKIndexAssociation" vid_source="D9F1FFA0-25A3-1518-5A4C-1E531E7485EE" vid_target="3C5C9F59-33DD-3D59-B497-3C7EDFF2AA1D">
<hideElementsInCurrentOnly>false</hideElementsInCurrentOnly>
<backgroundColor>-16777216</backgroundColor>
<lineWidth>1</lineWidth>
<points>
<point x="895" y="339"/>
<point x="1030" y="339"/>
<point x="1030" y="243"/>
</points>
</Connector>
<Connector class="oracle.dbtools.crest.swingui.relational.TVFKRelation" oid="B0712F6A-3B31-5E6D-99FE-E73A97F990CC" otype="FKIndexAssociation" vid_source="6194A464-8DCB-8404-2409-55D53681EF5F" vid_target="D80B8BA7-7993-69AE-2F25-5B357CEA7465">
<hideElementsInCurrentOnly>false</hideElementsInCurrentOnly>
<backgroundColor>-16777216</backgroundColor>
<lineWidth>1</lineWidth>
<points>
<point x="476" y="269"/>
<point x="476" y="166"/>
<point x="677" y="166"/>
</points>
</Connector>
<Connector class="oracle.dbtools.crest.swingui.relational.TVFKRelation" oid="BA814DD7-40CD-5CD9-ACB7-9EC67CD05D25" otype="FKIndexAssociation" vid_source="6194A464-8DCB-8404-2409-55D53681EF5F" vid_target="D9F1FFA0-25A3-1518-5A4C-1E531E7485EE">
<hideElementsInCurrentOnly>false</hideElementsInCurrentOnly>
<backgroundColor>-16777216</backgroundColor>
<lineWidth>1</lineWidth>
<points>
<point x="544" y="334"/>
<point x="667" y="334"/>
</points>
</Connector>
<Connector class="oracle.dbtools.crest.swingui.relational.TVFKRelation" oid="E1A5D2C4-2D02-6E11-4322-AE215CCB129F" otype="FKIndexAssociation" vid_source="5807CF48-CC35-464D-7490-3E4DDA117A84" vid_target="5807CF48-CC35-464D-7490-3E4DDA117A84">
<hideElementsInCurrentOnly>false</hideElementsInCurrentOnly>
<backgroundColor>-16777216</backgroundColor>
<lineWidth>1</lineWidth>
<points>
<point x="791" y="776"/>
<point x="791" y="815"/>
<point x="697" y="815"/>
<point x="697" y="776"/>
</points>
</Connector>
<Connector class="oracle.dbtools.crest.swingui.relational.TVFKRelation" oid="F1CD42E5-16EF-9781-5CC7-4FDE8743B87B" otype="FKIndexAssociation" vid_source="6194A464-8DCB-8404-2409-55D53681EF5F" vid_target="5807CF48-CC35-464D-7490-3E4DDA117A84">
<hideElementsInCurrentOnly>false</hideElementsInCurrentOnly>
<backgroundColor>-16777216</backgroundColor>
<lineWidth>1</lineWidth>
<points>
<point x="467" y="430"/>
<point x="467" y="525"/>
<point x="669" y="525"/>
</points>
</Connector>
<Connector class="oracle.dbtools.crest.swingui.relational.TVFKRelation" oid="FC09490D-E207-2EC8-27B2-5203D2F1AB77" otype="FKIndexAssociation" vid_source="FFAB5D5F-7D97-CACE-0CC7-25692174F4A1" vid_target="5807CF48-CC35-464D-7490-3E4DDA117A84">
<hideElementsInCurrentOnly>false</hideElementsInCurrentOnly>
<backgroundColor>-16777216</backgroundColor>
<lineWidth>1</lineWidth>
<points>
<point x="599" y="630"/>
<point x="669" y="630"/>
</points>
</Connector>
</connectors>
</Diagram>
