<?xml version = '1.0' encoding = 'UTF-8'?>
<FKIndexAssociation class="oracle.dbtools.crest.model.design.relational.FKIndexAssociation" directorySegmentName="seg_0" id="969ABC77-4D04-8E03-3398-BC58B617C429" containerWithKeyObject="8E62C755-3B2F-0AEF-30D9-239590F98F85" localFKIndex="41E24F7B-7920-6246-31A8-E037B320E158" name="owner_animal">
<createdBy>benca</createdBy>
<createdTime>2023-09-13 11:03:57 UTC</createdTime>
<generatorID>C6D2D5B3-6698-84A6-D96E-82E1A3342217</generatorID>
<ownerDesignName>pf_oraclemodel</ownerDesignName>
<referredTableLongName>OWNER</referredTableLongName>
<deleteRule>NO ACTION</deleteRule>
<referredTableID>DF1149D3-C6F1-10E6-36B3-025CC5B5A7EC</referredTableID>
<keyObject>474EFD4B-003C-F39E-1EE7-B2A2B6BAD5D1</keyObject>
<referredKeyID>474EFD4B-003C-F39E-1EE7-B2A2B6BAD5D1</referredKeyID>
<mandatory>true</mandatory>
<refColNames>owner_id</refColNames>
<transferable>true</transferable>
<rely>false</rely>
<columnDependencyConstraintGenerateInDDL>true</columnDependencyConstraintGenerateInDDL>
</FKIndexAssociation>
