<?xml version = '1.0' encoding = 'UTF-8'?>
<FKIndexAssociation class="oracle.dbtools.crest.model.design.relational.FKIndexAssociation" directorySegmentName="seg_0" id="AED69477-2CC2-F12B-F9DC-ECB9DA96F9DF" containerWithKeyObject="10528421-0F51-1536-1CC4-02A772A765A8" localFKIndex="D79DC8DE-56DB-8689-0D17-B485740A9D7B" name="vet_certificate">
<createdBy>benca</createdBy>
<createdTime>2023-09-13 11:03:57 UTC</createdTime>
<generatorID>688E4F34-3C0B-6EE0-B2D4-5B7D11298865</generatorID>
<ownerDesignName>pf_oraclemodel</ownerDesignName>
<referredTableLongName>VET</referredTableLongName>
<deleteRule>NO ACTION</deleteRule>
<referredTableID>D316001A-E61A-90EB-D4E3-CD9D79D98E48</referredTableID>
<keyObject>12A2F924-87BC-E461-E3D4-6770B3F7BF10</keyObject>
<referredKeyID>12A2F924-87BC-E461-E3D4-6770B3F7BF10</referredKeyID>
<mandatory>true</mandatory>
<refColNames>vet_id</refColNames>
<transferable>true</transferable>
<rely>false</rely>
<columnDependencyConstraintGenerateInDDL>true</columnDependencyConstraintGenerateInDDL>
</FKIndexAssociation>
