<?xml version = '1.0' encoding = 'UTF-8'?>
<Entity class="oracle.dbtools.crest.model.design.logical.Entity" directorySegmentName="seg_0" id="40D02555-1193-3B39-4387-13BE1CCD8E00" name="TRAINING">
<createdBy>benca</createdBy>
<createdTime>2023-09-11 02:12:17 UTC</createdTime>
<ownerDesignName>pf_oraclemodel</ownerDesignName>
<engineerTo>
<item key="FD65B8C0-E9FF-85B4-8471-880F1E533532" value="true"/>
</engineerTo>
<adequatelyNormalized>NO</adequatelyNormalized>
<expectedVolumes>0</expectedVolumes>
<fwdEngineeringStrategyName>Single Table</fwdEngineeringStrategyName>
<growthPercent>0</growthPercent>
<growthType>Year</growthType>
<maxVolumes>9999999</maxVolumes>
<minVolumes>0</minVolumes>
<normalForm>Third</normalForm>
<attributes itemClass="oracle.dbtools.crest.model.design.logical.Attribute">
<Attribute name="training_id" id="D9354E9C-2A18-A075-F327-94A846C3AA90">
<createdBy>benca</createdBy>
<createdTime>2023-09-11 02:12:27 UTC</createdTime>
<commentInRDBMS><![CDATA[Unique identifer for a training]]></commentInRDBMS>
<ownerDesignName>pf_oraclemodel</ownerDesignName>
<engineerTo>
<item key="FD65B8C0-E9FF-85B4-8471-880F1E533532" value="true"/>
</engineerTo>
<useDomainConstraints>false</useDomainConstraints>
<use>1</use>
<logicalDatatype>LOGDT019</logicalDatatype>
<dataTypePrecision>5</dataTypePrecision>
<ownDataTypeParameters>,5,</ownDataTypeParameters>
</Attribute>
<Attribute name="training_datetime" id="2A43622D-762A-1919-0D50-A681649987A6">
<createdBy>benca</createdBy>
<createdTime>2023-09-11 02:12:46 UTC</createdTime>
<commentInRDBMS><![CDATA[Date and time for the training that took place]]></commentInRDBMS>
<ownerDesignName>pf_oraclemodel</ownerDesignName>
<engineerTo>
<item key="FD65B8C0-E9FF-85B4-8471-880F1E533532" value="true"/>
</engineerTo>
<useDomainConstraints>false</useDomainConstraints>
<use>1</use>
<logicalDatatype>LOGDT007</logicalDatatype>
<ownDataTypeParameters>,,</ownDataTypeParameters>
</Attribute>
<Attribute name="training_title" id="25BF4E0D-36FB-B352-A99F-E4E63919F381">
<createdBy>benca</createdBy>
<createdTime>2023-09-11 02:13:02 UTC</createdTime>
<commentInRDBMS><![CDATA[Title of the training]]></commentInRDBMS>
<ownerDesignName>pf_oraclemodel</ownerDesignName>
<engineerTo>
<item key="FD65B8C0-E9FF-85B4-8471-880F1E533532" value="true"/>
</engineerTo>
<useDomainConstraints>false</useDomainConstraints>
<use>1</use>
<logicalDatatype>LOGDT024</logicalDatatype>
<dataTypeSize>40</dataTypeSize>
<ownDataTypeParameters>40,,</ownDataTypeParameters>
</Attribute>
<Attribute name="training_duration" id="1EDAFE5E-CB0B-7A7C-5FC1-81BCCF6D7FBF">
<createdBy>benca</createdBy>
<createdTime>2023-09-11 02:13:16 UTC</createdTime>
<commentInRDBMS><![CDATA[Duration of the training (in hours)]]></commentInRDBMS>
<ownerDesignName>pf_oraclemodel</ownerDesignName>
<engineerTo>
<item key="FD65B8C0-E9FF-85B4-8471-880F1E533532" value="true"/>
</engineerTo>
<useDomainConstraints>false</useDomainConstraints>
<use>1</use>
<logicalDatatype>LOGDT019</logicalDatatype>
<dataTypePrecision>3</dataTypePrecision>
<dataTypeScale>1</dataTypeScale>
<ownDataTypeParameters>,3,1</ownDataTypeParameters>
</Attribute>
<Attribute name="clinic_id" id="BFEFCF6C-A6C7-685E-7A4E-CB349F339A03">
<createdBy>User</createdBy>
<createdTime>2023-09-12 10:44:53 UTC</createdTime>
<commentInRDBMS><![CDATA[Unique identifier for the clinic]]></commentInRDBMS>
<generatorID>600DAEA1-8E3F-E3C5-3759-BC3CBB366009</generatorID>
<ownerDesignName>pf_oraclemodel</ownerDesignName>
<engineerTo>
<item key="FD65B8C0-E9FF-85B4-8471-880F1E533532" value="true"/>
</engineerTo>
<referedAttribute>CA40A826-36C1-E88B-EAC2-AC078E5E1026</referedAttribute>
<useDomainConstraints>false</useDomainConstraints>
<use>1</use>
<logicalDatatype>LOGDT019</logicalDatatype>
<dataTypePrecision>4</dataTypePrecision>
<ownDataTypeParameters>,4,</ownDataTypeParameters>
</Attribute>
<Attribute name="vet_id" id="B4DB1074-5D55-128F-FCDC-4A0BB8ADBD0A">
<createdBy>User</createdBy>
<createdTime>2023-09-12 10:49:23 UTC</createdTime>
<commentInRDBMS><![CDATA[Unique identifier for vet]]></commentInRDBMS>
<generatorID>6A61191C-E424-8B7B-BA77-13FA76C403E2</generatorID>
<ownerDesignName>pf_oraclemodel</ownerDesignName>
<engineerTo>
<item key="FD65B8C0-E9FF-85B4-8471-880F1E533532" value="true"/>
</engineerTo>
<referedAttribute>1018D05E-1BA9-B412-4CF3-4C082A5826EC</referedAttribute>
<useDomainConstraints>false</useDomainConstraints>
<use>1</use>
<logicalDatatype>LOGDT019</logicalDatatype>
<dataTypePrecision>4</dataTypePrecision>
<ownDataTypeParameters>,4,</ownDataTypeParameters>
</Attribute>
</attributes>
<identifiers itemClass="oracle.dbtools.crest.model.design.logical.CandidateKey">
<identifier id="CB664DA4-8F8F-FA5C-8177-C573850C180C" name="TRAINING PK">
<createdBy>benca</createdBy>
<createdTime>2023-09-11 02:12:37 UTC</createdTime>
<ownerDesignName>pf_oraclemodel</ownerDesignName>
<engineerTo>
<item key="FD65B8C0-E9FF-85B4-8471-880F1E533532" value="true"/>
</engineerTo>
<pk>true</pk>
<usedAttributes>
<attributeRef>D9354E9C-2A18-A075-F327-94A846C3AA90</attributeRef>
</usedAttributes>
</identifier>
</identifiers>
</Entity>
