<?xml version = '1.0' encoding = 'UTF-8'?>
<Entity class="oracle.dbtools.crest.model.design.logical.Entity" directorySegmentName="seg_0" id="45D10B19-668B-7B55-878E-6F76BAF08F28" name="CERTIFICATE">
<createdBy>benca</createdBy>
<createdTime>2023-09-11 02:34:01 UTC</createdTime>
<ownerDesignName>pf_oraclemodel</ownerDesignName>
<engineerTo>
<item key="FD65B8C0-E9FF-85B4-8471-880F1E533532" value="true"/>
</engineerTo>
<adequatelyNormalized>NO</adequatelyNormalized>
<expectedVolumes>0</expectedVolumes>
<fwdEngineeringStrategyName>Single Table</fwdEngineeringStrategyName>
<growthPercent>0</growthPercent>
<growthType>Year</growthType>
<maxVolumes>9999999</maxVolumes>
<minVolumes>0</minVolumes>
<normalForm>Third</normalForm>
<attributes itemClass="oracle.dbtools.crest.model.design.logical.Attribute">
<Attribute name="cert_id" id="CA2D05B3-531C-1559-2B35-BAD83A8B5369">
<createdBy>benca</createdBy>
<createdTime>2023-09-11 02:34:07 UTC</createdTime>
<commentInRDBMS><![CDATA[Unique identifier for certificate]]></commentInRDBMS>
<ownerDesignName>pf_oraclemodel</ownerDesignName>
<engineerTo>
<item key="FD65B8C0-E9FF-85B4-8471-880F1E533532" value="true"/>
</engineerTo>
<useDomainConstraints>false</useDomainConstraints>
<use>1</use>
<logicalDatatype>LOGDT019</logicalDatatype>
<dataTypePrecision>6</dataTypePrecision>
<ownDataTypeParameters>,6,</ownDataTypeParameters>
</Attribute>
<Attribute name="cert_completed" id="308FF7B8-DC4B-DD42-1351-2F7B4D7F9E62">
<createdBy>benca</createdBy>
<createdTime>2023-09-11 02:34:23 UTC</createdTime>
<commentInRDBMS><![CDATA[Whether certificate was given or not (training completed or not)]]></commentInRDBMS>
<ownerDesignName>pf_oraclemodel</ownerDesignName>
<engineerTo>
<item key="FD65B8C0-E9FF-85B4-8471-880F1E533532" value="true"/>
</engineerTo>
<constraintName>chk_cert_completed</constraintName>
<useDomainConstraints>false</useDomainConstraints>
<use>1</use>
<logicalDatatype>LOGDT025</logicalDatatype>
<dataTypeSize>1</dataTypeSize>
<listOfValues>
<valueDef value="N" description="No"/>
<valueDef value="Y" description="Yes"/>
</listOfValues>
<ownDataTypeParameters>1,,</ownDataTypeParameters>
</Attribute>
<Attribute name="cert_expiry" id="CB2ECD97-A32A-731E-E575-3D28F32D2740">
<createdBy>benca</createdBy>
<createdTime>2023-09-11 02:35:07 UTC</createdTime>
<commentInRDBMS><![CDATA[Date of expiry for the certificate (if expires)]]></commentInRDBMS>
<ownerDesignName>pf_oraclemodel</ownerDesignName>
<engineerTo>
<item key="FD65B8C0-E9FF-85B4-8471-880F1E533532" value="true"/>
</engineerTo>
<nullsAllowed>true</nullsAllowed>
<useDomainConstraints>false</useDomainConstraints>
<use>1</use>
<logicalDatatype>LOGDT007</logicalDatatype>
<ownDataTypeParameters>,,</ownDataTypeParameters>
</Attribute>
<Attribute name="training_id" id="D880D478-C56A-607C-2071-41A955CB9FA5">
<createdBy>User</createdBy>
<createdTime>2023-09-12 11:45:00 UTC</createdTime>
<commentInRDBMS><![CDATA[Unique identifer for a training]]></commentInRDBMS>
<generatorID>B5927CB8-961E-C08C-86F3-CF754C6678DE</generatorID>
<ownerDesignName>pf_oraclemodel</ownerDesignName>
<engineerTo>
<item key="FD65B8C0-E9FF-85B4-8471-880F1E533532" value="true"/>
</engineerTo>
<referedAttribute>D9354E9C-2A18-A075-F327-94A846C3AA90</referedAttribute>
<useDomainConstraints>false</useDomainConstraints>
<use>1</use>
<logicalDatatype>LOGDT019</logicalDatatype>
<dataTypePrecision>5</dataTypePrecision>
<ownDataTypeParameters>,5,</ownDataTypeParameters>
</Attribute>
<Attribute name="vet_id" id="AB0C200D-3DF5-60EE-9A59-C3B32004421B">
<createdBy>User</createdBy>
<createdTime>2023-09-12 11:45:41 UTC</createdTime>
<commentInRDBMS><![CDATA[Unique identifier for vet]]></commentInRDBMS>
<generatorID>688E4F34-3C0B-6EE0-B2D4-5B7D11298865</generatorID>
<ownerDesignName>pf_oraclemodel</ownerDesignName>
<engineerTo>
<item key="FD65B8C0-E9FF-85B4-8471-880F1E533532" value="true"/>
</engineerTo>
<referedAttribute>1018D05E-1BA9-B412-4CF3-4C082A5826EC</referedAttribute>
<useDomainConstraints>false</useDomainConstraints>
<use>1</use>
<logicalDatatype>LOGDT019</logicalDatatype>
<dataTypePrecision>4</dataTypePrecision>
<ownDataTypeParameters>,4,</ownDataTypeParameters>
</Attribute>
</attributes>
<identifiers itemClass="oracle.dbtools.crest.model.design.logical.CandidateKey">
<identifier id="911EF39B-49E7-26CA-7DE1-66DB213931AA" name="CERTIFICATE PK">
<createdBy>benca</createdBy>
<createdTime>2023-09-11 02:34:16 UTC</createdTime>
<ownerDesignName>pf_oraclemodel</ownerDesignName>
<engineerTo>
<item key="FD65B8C0-E9FF-85B4-8471-880F1E533532" value="true"/>
</engineerTo>
<pk>true</pk>
<usedAttributes>
<attributeRef>CA2D05B3-531C-1559-2B35-BAD83A8B5369</attributeRef>
</usedAttributes>
</identifier>
<identifier id="22A12B78-A246-E9EC-980C-60335A34A784" name="CERTIFICATE UKs">
<createdBy>User</createdBy>
<createdTime>2023-09-12 11:50:57 UTC</createdTime>
<ownerDesignName>pf_oraclemodel</ownerDesignName>
<engineerTo>
<item key="FD65B8C0-E9FF-85B4-8471-880F1E533532" value="true"/>
</engineerTo>
<newElementsIDs>D880D478-C56A-607C-2071-41A955CB9FA5,AB0C200D-3DF5-60EE-9A59-C3B32004421B</newElementsIDs>
<usedAttributes>
<attributeRef>D880D478-C56A-607C-2071-41A955CB9FA5</attributeRef>
<attributeRef>AB0C200D-3DF5-60EE-9A59-C3B32004421B</attributeRef>
</usedAttributes>
</identifier>
</identifiers>
</Entity>
