<?xml version = '1.0' encoding = 'UTF-8'?>
<Entity class="oracle.dbtools.crest.model.design.logical.Entity" directorySegmentName="seg_0" id="5C0C47AE-C27C-31A4-1621-818BEE06335A" name="SPECIALITY">
<createdBy>User</createdBy>
<createdTime>2023-09-12 10:52:06 UTC</createdTime>
<ownerDesignName>pf_oraclemodel</ownerDesignName>
<engineerTo>
<item key="FD65B8C0-E9FF-85B4-8471-880F1E533532" value="true"/>
</engineerTo>
<adequatelyNormalized>NO</adequatelyNormalized>
<expectedVolumes>0</expectedVolumes>
<fwdEngineeringStrategyName>Single Table</fwdEngineeringStrategyName>
<growthPercent>0</growthPercent>
<growthType>Year</growthType>
<maxVolumes>9999999</maxVolumes>
<minVolumes>0</minVolumes>
<normalForm>Third</normalForm>
<attributes itemClass="oracle.dbtools.crest.model.design.logical.Attribute">
<Attribute name="speciality_id" id="701E6C0D-C88F-62F2-0C92-77B45F8A697D">
<createdBy>User</createdBy>
<createdTime>2023-09-12 10:52:43 UTC</createdTime>
<commentInRDBMS><![CDATA[Unique Identifyer for Speciality]]></commentInRDBMS>
<ownerDesignName>pf_oraclemodel</ownerDesignName>
<engineerTo>
<item key="FD65B8C0-E9FF-85B4-8471-880F1E533532" value="true"/>
</engineerTo>
<useDomainConstraints>false</useDomainConstraints>
<use>1</use>
<logicalDatatype>LOGDT019</logicalDatatype>
<dataTypePrecision>3</dataTypePrecision>
<ownDataTypeParameters>,3,</ownDataTypeParameters>
</Attribute>
<Attribute name="speciality_name" id="04C804DE-D830-CF61-1111-BF626447C614">
<createdBy>User</createdBy>
<createdTime>2023-09-12 10:52:44 UTC</createdTime>
<commentInRDBMS><![CDATA[Name of Speciality]]></commentInRDBMS>
<ownerDesignName>pf_oraclemodel</ownerDesignName>
<engineerTo>
<item key="FD65B8C0-E9FF-85B4-8471-880F1E533532" value="true"/>
</engineerTo>
<constraintName>speciality_name</constraintName>
<useDomainConstraints>false</useDomainConstraints>
<use>1</use>
<logicalDatatype>LOGDT024</logicalDatatype>
<dataTypeSize>20</dataTypeSize>
<ownDataTypeParameters>20,,</ownDataTypeParameters>
</Attribute>
</attributes>
<identifiers itemClass="oracle.dbtools.crest.model.design.logical.CandidateKey">
<identifier id="479B211C-767D-1D4C-4FBE-6E6096B361D0" name="SPECIALITY PK">
<createdBy>User</createdBy>
<createdTime>2023-09-12 10:53:06 UTC</createdTime>
<ownerDesignName>pf_oraclemodel</ownerDesignName>
<engineerTo>
<item key="FD65B8C0-E9FF-85B4-8471-880F1E533532" value="true"/>
</engineerTo>
<pk>true</pk>
<usedAttributes>
<attributeRef>701E6C0D-C88F-62F2-0C92-77B45F8A697D</attributeRef>
</usedAttributes>
</identifier>
</identifiers>
</Entity>
