<?xml version = '1.0' encoding = 'UTF-8'?>
<Entity class="oracle.dbtools.crest.model.design.logical.Entity" directorySegmentName="seg_0" id="6F4D99B0-73A1-03C1-9B47-268FC2221E45" name="DRUG">
<createdBy>benca</createdBy>
<createdTime>2023-09-11 02:26:32 UTC</createdTime>
<ownerDesignName>pf_oraclemodel</ownerDesignName>
<engineerTo>
<item key="FD65B8C0-E9FF-85B4-8471-880F1E533532" value="true"/>
</engineerTo>
<adequatelyNormalized>NO</adequatelyNormalized>
<expectedVolumes>0</expectedVolumes>
<fwdEngineeringStrategyName>Single Table</fwdEngineeringStrategyName>
<growthPercent>0</growthPercent>
<growthType>Year</growthType>
<maxVolumes>9999999</maxVolumes>
<minVolumes>0</minVolumes>
<normalForm>Third</normalForm>
<attributes itemClass="oracle.dbtools.crest.model.design.logical.Attribute">
<Attribute name="drug_id" id="D8E3AB90-A420-1A00-CE70-46B7EEB28598">
<createdBy>benca</createdBy>
<createdTime>2023-09-11 02:26:36 UTC</createdTime>
<commentInRDBMS><![CDATA[Unique identifier of drug]]></commentInRDBMS>
<ownerDesignName>pf_oraclemodel</ownerDesignName>
<engineerTo>
<item key="FD65B8C0-E9FF-85B4-8471-880F1E533532" value="true"/>
</engineerTo>
<useDomainConstraints>false</useDomainConstraints>
<use>1</use>
<logicalDatatype>LOGDT019</logicalDatatype>
<dataTypePrecision>4</dataTypePrecision>
<ownDataTypeParameters>,4,</ownDataTypeParameters>
</Attribute>
<Attribute name="drug_name" id="80AC0C4D-B320-4C13-B567-B340BD260CD5">
<createdBy>benca</createdBy>
<createdTime>2023-09-11 02:26:52 UTC</createdTime>
<commentInRDBMS><![CDATA[Name of drug]]></commentInRDBMS>
<ownerDesignName>pf_oraclemodel</ownerDesignName>
<engineerTo>
<item key="FD65B8C0-E9FF-85B4-8471-880F1E533532" value="true"/>
</engineerTo>
<useDomainConstraints>false</useDomainConstraints>
<use>1</use>
<logicalDatatype>LOGDT024</logicalDatatype>
<dataTypeSize>30</dataTypeSize>
<ownDataTypeParameters>30,,</ownDataTypeParameters>
</Attribute>
<Attribute name="drug_usageinstr" id="CF459C66-62A4-24C7-3352-866AEED8F3ED">
<createdBy>benca</createdBy>
<createdTime>2023-09-11 02:27:08 UTC</createdTime>
<commentInRDBMS><![CDATA[Usage instructions for the drug]]></commentInRDBMS>
<ownerDesignName>pf_oraclemodel</ownerDesignName>
<engineerTo>
<item key="FD65B8C0-E9FF-85B4-8471-880F1E533532" value="true"/>
</engineerTo>
<useDomainConstraints>false</useDomainConstraints>
<use>1</use>
<logicalDatatype>LOGDT024</logicalDatatype>
<dataTypeSize>100</dataTypeSize>
<ownDataTypeParameters>100,,</ownDataTypeParameters>
</Attribute>
<Attribute name="drug_charge" id="DD6060B6-A210-AB2C-7A48-E7C1EDBE0E27">
<createdBy>benca</createdBy>
<createdTime>2023-09-11 02:27:25 UTC</createdTime>
<commentInRDBMS><![CDATA[Standard charge for the drug in dollars]]></commentInRDBMS>
<ownerDesignName>pf_oraclemodel</ownerDesignName>
<engineerTo>
<item key="FD65B8C0-E9FF-85B4-8471-880F1E533532" value="true"/>
</engineerTo>
<useDomainConstraints>false</useDomainConstraints>
<use>1</use>
<logicalDatatype>LOGDT019</logicalDatatype>
<dataTypePrecision>6</dataTypePrecision>
<dataTypeScale>2</dataTypeScale>
<ownDataTypeParameters>,6,2</ownDataTypeParameters>
</Attribute>
</attributes>
<identifiers itemClass="oracle.dbtools.crest.model.design.logical.CandidateKey">
<identifier id="25DDB08B-0F9E-5DB5-6610-FE7FDC5D002F" name="DRUG PK">
<createdBy>benca</createdBy>
<createdTime>2023-09-11 02:26:45 UTC</createdTime>
<ownerDesignName>pf_oraclemodel</ownerDesignName>
<engineerTo>
<item key="FD65B8C0-E9FF-85B4-8471-880F1E533532" value="true"/>
</engineerTo>
<pk>true</pk>
<usedAttributes>
<attributeRef>D8E3AB90-A420-1A00-CE70-46B7EEB28598</attributeRef>
</usedAttributes>
</identifier>
</identifiers>
</Entity>
