<?xml version = '1.0' encoding = 'UTF-8'?>
<Entity class="oracle.dbtools.crest.model.design.logical.Entity" directorySegmentName="seg_0" id="91F479E1-2A52-0237-F575-8945395E9204" name="ANIMAL">
<createdBy>benca</createdBy>
<createdTime>2023-09-11 02:19:47 UTC</createdTime>
<ownerDesignName>pf_oraclemodel</ownerDesignName>
<engineerTo>
<item key="FD65B8C0-E9FF-85B4-8471-880F1E533532" value="true"/>
</engineerTo>
<adequatelyNormalized>NO</adequatelyNormalized>
<expectedVolumes>0</expectedVolumes>
<fwdEngineeringStrategyName>Single Table</fwdEngineeringStrategyName>
<growthPercent>0</growthPercent>
<growthType>Year</growthType>
<maxVolumes>9999999</maxVolumes>
<minVolumes>0</minVolumes>
<normalForm>Third</normalForm>
<attributes itemClass="oracle.dbtools.crest.model.design.logical.Attribute">
<Attribute name="animal_id" id="F7897CE7-A923-3B86-3724-30E707D67BD8">
<createdBy>benca</createdBy>
<createdTime>2023-09-11 02:19:56 UTC</createdTime>
<commentInRDBMS><![CDATA[Unique identifier for animal]]></commentInRDBMS>
<ownerDesignName>pf_oraclemodel</ownerDesignName>
<engineerTo>
<item key="FD65B8C0-E9FF-85B4-8471-880F1E533532" value="true"/>
</engineerTo>
<useDomainConstraints>false</useDomainConstraints>
<use>1</use>
<logicalDatatype>LOGDT019</logicalDatatype>
<dataTypePrecision>6</dataTypePrecision>
<ownDataTypeParameters>,6,</ownDataTypeParameters>
</Attribute>
<Attribute name="animal_name" id="7862AAE5-3986-72B6-A80D-7BA5FE2DEB2B">
<createdBy>benca</createdBy>
<createdTime>2023-09-11 02:20:25 UTC</createdTime>
<commentInRDBMS><![CDATA[Name of animal]]></commentInRDBMS>
<ownerDesignName>pf_oraclemodel</ownerDesignName>
<engineerTo>
<item key="FD65B8C0-E9FF-85B4-8471-880F1E533532" value="true"/>
</engineerTo>
<useDomainConstraints>false</useDomainConstraints>
<use>1</use>
<logicalDatatype>LOGDT024</logicalDatatype>
<dataTypeSize>20</dataTypeSize>
<ownDataTypeParameters>20,,</ownDataTypeParameters>
</Attribute>
<Attribute name="animal_yearborn" id="D92B27E9-FA5D-AB23-8BDA-30A366CC8A65">
<createdBy>benca</createdBy>
<createdTime>2023-09-11 02:20:38 UTC</createdTime>
<commentInRDBMS><![CDATA[Year the animal was born]]></commentInRDBMS>
<ownerDesignName>pf_oraclemodel</ownerDesignName>
<engineerTo>
<item key="FD65B8C0-E9FF-85B4-8471-880F1E533532" value="true"/>
</engineerTo>
<useDomainConstraints>false</useDomainConstraints>
<use>1</use>
<logicalDatatype>LOGDT019</logicalDatatype>
<dataTypePrecision>4</dataTypePrecision>
<ownDataTypeParameters>,4,</ownDataTypeParameters>
</Attribute>
<Attribute name="animal_alive" id="337CFBFD-486D-AD2C-EF0B-C65E1CEA5823">
<createdBy>benca</createdBy>
<createdTime>2023-09-11 02:20:55 UTC</createdTime>
<commentInRDBMS><![CDATA[Whether animal is alive or not (defaults to Y for yes)]]></commentInRDBMS>
<ownerDesignName>pf_oraclemodel</ownerDesignName>
<engineerTo>
<item key="FD65B8C0-E9FF-85B4-8471-880F1E533532" value="true"/>
</engineerTo>
<constraintName>chk_animalalive</constraintName>
<useDomainConstraints>false</useDomainConstraints>
<use>1</use>
<logicalDatatype>LOGDT025</logicalDatatype>
<dataTypeSize>1</dataTypeSize>
<listOfValues>
<valueDef value="N" description="No"/>
<valueDef value="Y" description="Yes"/>
</listOfValues>
<defaultValue>Y</defaultValue>
<ownDataTypeParameters>1,,</ownDataTypeParameters>
</Attribute>
<Attribute name="animaltype_id" id="69262F3F-6732-9671-A817-147F4FD3CD1F">
<createdBy>User</createdBy>
<createdTime>2023-09-12 11:26:58 UTC</createdTime>
<commentInRDBMS><![CDATA[Unique Identifier for Animal Type]]></commentInRDBMS>
<generatorID>19EE97E7-3166-D643-2DF2-94F658420F3E</generatorID>
<ownerDesignName>pf_oraclemodel</ownerDesignName>
<engineerTo>
<item key="FD65B8C0-E9FF-85B4-8471-880F1E533532" value="true"/>
</engineerTo>
<referedAttribute>9C925F1A-655F-8436-4870-2DEF3DF42691</referedAttribute>
<useDomainConstraints>false</useDomainConstraints>
<use>1</use>
<logicalDatatype>LOGDT019</logicalDatatype>
<dataTypePrecision>3</dataTypePrecision>
<ownDataTypeParameters>,3,</ownDataTypeParameters>
</Attribute>
<Attribute name="owner_id" id="BBA57B53-5296-33C4-1FCE-D74583DD4B9E">
<createdBy>User</createdBy>
<createdTime>2023-09-12 11:32:22 UTC</createdTime>
<commentInRDBMS><![CDATA[Unique identifier of owner]]></commentInRDBMS>
<generatorID>C6D2D5B3-6698-84A6-D96E-82E1A3342217</generatorID>
<ownerDesignName>pf_oraclemodel</ownerDesignName>
<engineerTo>
<item key="FD65B8C0-E9FF-85B4-8471-880F1E533532" value="true"/>
</engineerTo>
<referedAttribute>4F0BD36C-B4C9-199B-0F18-84B815411FFA</referedAttribute>
<useDomainConstraints>false</useDomainConstraints>
<use>1</use>
<logicalDatatype>LOGDT019</logicalDatatype>
<dataTypePrecision>6</dataTypePrecision>
<ownDataTypeParameters>,6,</ownDataTypeParameters>
</Attribute>
</attributes>
<identifiers itemClass="oracle.dbtools.crest.model.design.logical.CandidateKey">
<identifier id="CEC0C6AE-FE76-349A-3640-72206B86948F" name="ANIMAL PK">
<createdBy>benca</createdBy>
<createdTime>2023-09-11 02:20:17 UTC</createdTime>
<ownerDesignName>pf_oraclemodel</ownerDesignName>
<engineerTo>
<item key="FD65B8C0-E9FF-85B4-8471-880F1E533532" value="true"/>
</engineerTo>
<pk>true</pk>
<usedAttributes>
<attributeRef>F7897CE7-A923-3B86-3724-30E707D67BD8</attributeRef>
</usedAttributes>
</identifier>
</identifiers>
</Entity>
