<?xml version = '1.0' encoding = 'UTF-8'?>
<Entity class="oracle.dbtools.crest.model.design.logical.Entity" directorySegmentName="seg_0" id="A7E4FC74-9AAC-A1BB-0C10-B3C927CB22C8" name="VISIT">
<createdBy>benca</createdBy>
<createdTime>2023-09-11 02:16:25 UTC</createdTime>
<ownerDesignName>pf_oraclemodel</ownerDesignName>
<engineerTo>
<item key="FD65B8C0-E9FF-85B4-8471-880F1E533532" value="true"/>
</engineerTo>
<adequatelyNormalized>NO</adequatelyNormalized>
<expectedVolumes>0</expectedVolumes>
<fwdEngineeringStrategyName>Single Table</fwdEngineeringStrategyName>
<growthPercent>0</growthPercent>
<growthType>Year</growthType>
<maxVolumes>9999999</maxVolumes>
<minVolumes>0</minVolumes>
<normalForm>Third</normalForm>
<attributes itemClass="oracle.dbtools.crest.model.design.logical.Attribute">
<Attribute name="visit_id" id="B1BC8ABF-774A-0708-3993-3E00D166ECCA">
<createdBy>benca</createdBy>
<createdTime>2023-09-11 02:16:29 UTC</createdTime>
<commentInRDBMS><![CDATA[Unique identifier for a visit]]></commentInRDBMS>
<ownerDesignName>pf_oraclemodel</ownerDesignName>
<engineerTo>
<item key="FD65B8C0-E9FF-85B4-8471-880F1E533532" value="true"/>
</engineerTo>
<useDomainConstraints>false</useDomainConstraints>
<use>1</use>
<logicalDatatype>LOGDT019</logicalDatatype>
<dataTypePrecision>7</dataTypePrecision>
<ownDataTypeParameters>,7,</ownDataTypeParameters>
</Attribute>
<Attribute name="visit_datetime" id="3884EB51-ECFC-E129-AA16-0E65BBC070BE">
<createdBy>benca</createdBy>
<createdTime>2023-09-11 02:17:05 UTC</createdTime>
<commentInRDBMS><![CDATA[Date and time of visit]]></commentInRDBMS>
<ownerDesignName>pf_oraclemodel</ownerDesignName>
<engineerTo>
<item key="FD65B8C0-E9FF-85B4-8471-880F1E533532" value="true"/>
</engineerTo>
<useDomainConstraints>false</useDomainConstraints>
<use>1</use>
<logicalDatatype>LOGDT007</logicalDatatype>
<ownDataTypeParameters>,,</ownDataTypeParameters>
</Attribute>
<Attribute name="visit_animalweight" id="3289DBD3-F985-DE44-C969-46381EFDDF88">
<createdBy>benca</createdBy>
<createdTime>2023-09-11 02:17:20 UTC</createdTime>
<commentInRDBMS><![CDATA[Weight of animal at visit]]></commentInRDBMS>
<ownerDesignName>pf_oraclemodel</ownerDesignName>
<engineerTo>
<item key="FD65B8C0-E9FF-85B4-8471-880F1E533532" value="true"/>
</engineerTo>
<useDomainConstraints>false</useDomainConstraints>
<use>1</use>
<logicalDatatype>LOGDT019</logicalDatatype>
<dataTypePrecision>6</dataTypePrecision>
<dataTypeScale>2</dataTypeScale>
<ownDataTypeParameters>,6,2</ownDataTypeParameters>
</Attribute>
<Attribute name="visit_length" id="FD46E9BF-CA44-A580-5F55-D82C34136FAD">
<createdBy>benca</createdBy>
<createdTime>2023-09-11 02:17:36 UTC</createdTime>
<commentInRDBMS><![CDATA[Length of visit in minutes]]></commentInRDBMS>
<ownerDesignName>pf_oraclemodel</ownerDesignName>
<engineerTo>
<item key="FD65B8C0-E9FF-85B4-8471-880F1E533532" value="true"/>
</engineerTo>
<useDomainConstraints>false</useDomainConstraints>
<use>1</use>
<logicalDatatype>LOGDT019</logicalDatatype>
<dataTypePrecision>3</dataTypePrecision>
<ownDataTypeParameters>,3,</ownDataTypeParameters>
</Attribute>
<Attribute name="visit_notes" id="6B5C86BF-B2C0-D00D-DC3B-70F949DACE7D">
<createdBy>benca</createdBy>
<createdTime>2023-09-11 02:17:54 UTC</createdTime>
<commentInRDBMS><![CDATA[Notes from vet about condition of animal]]></commentInRDBMS>
<ownerDesignName>pf_oraclemodel</ownerDesignName>
<engineerTo>
<item key="FD65B8C0-E9FF-85B4-8471-880F1E533532" value="true"/>
</engineerTo>
<nullsAllowed>true</nullsAllowed>
<useDomainConstraints>false</useDomainConstraints>
<use>1</use>
<logicalDatatype>LOGDT024</logicalDatatype>
<dataTypeSize>200</dataTypeSize>
<ownDataTypeParameters>200,,</ownDataTypeParameters>
</Attribute>
<Attribute name="visit_amount" id="8EDD2E7B-333C-C0AF-7D9C-298E2E818A51">
<createdBy>benca</createdBy>
<createdTime>2023-09-11 02:18:13 UTC</createdTime>
<commentInRDBMS><![CDATA[Total dollar amount for services and drugs provided at visit]]></commentInRDBMS>
<ownerDesignName>pf_oraclemodel</ownerDesignName>
<engineerTo>
<item key="FD65B8C0-E9FF-85B4-8471-880F1E533532" value="true"/>
</engineerTo>
<useDomainConstraints>false</useDomainConstraints>
<use>1</use>
<logicalDatatype>LOGDT019</logicalDatatype>
<dataTypePrecision>6</dataTypePrecision>
<dataTypeScale>2</dataTypeScale>
<ownDataTypeParameters>,6,2</ownDataTypeParameters>
</Attribute>
<Attribute name="visit_paytype" id="24A1F770-EEC0-A314-32FE-2533B9AB80D1">
<createdBy>benca</createdBy>
<createdTime>2023-09-11 02:18:50 UTC</createdTime>
<commentInRDBMS><![CDATA[Visit payment type]]></commentInRDBMS>
<ownerDesignName>pf_oraclemodel</ownerDesignName>
<engineerTo>
<item key="FD65B8C0-E9FF-85B4-8471-880F1E533532" value="true"/>
</engineerTo>
<useDomainConstraints>false</useDomainConstraints>
<use>1</use>
<logicalDatatype>LOGDT025</logicalDatatype>
<dataTypeSize>1</dataTypeSize>
<ownDataTypeParameters>1,,</ownDataTypeParameters>
</Attribute>
<Attribute name="animal_id" id="DFE3DD5A-8E13-90CF-BEDB-7B905B93F1BD">
<createdBy>User</createdBy>
<createdTime>2023-09-12 11:31:17 UTC</createdTime>
<commentInRDBMS><![CDATA[Unique identifier for animal]]></commentInRDBMS>
<generatorID>98FA768A-682B-1BDA-D24D-99DB1BDF1474</generatorID>
<ownerDesignName>pf_oraclemodel</ownerDesignName>
<engineerTo>
<item key="FD65B8C0-E9FF-85B4-8471-880F1E533532" value="true"/>
</engineerTo>
<referedAttribute>F7897CE7-A923-3B86-3724-30E707D67BD8</referedAttribute>
<useDomainConstraints>false</useDomainConstraints>
<use>1</use>
<logicalDatatype>LOGDT019</logicalDatatype>
<dataTypePrecision>6</dataTypePrecision>
<ownDataTypeParameters>,,</ownDataTypeParameters>
</Attribute>
<Attribute name="vet_id" id="E46EA879-9537-A8BA-1F41-0FC5857F97FF">
<createdBy>User</createdBy>
<createdTime>2023-09-12 11:13:01 UTC</createdTime>
<commentInRDBMS><![CDATA[Unique identifier for vet]]></commentInRDBMS>
<generatorID>1D68649A-8BD3-4EE4-D997-0840CF7D4CD7</generatorID>
<ownerDesignName>pf_oraclemodel</ownerDesignName>
<engineerTo>
<item key="FD65B8C0-E9FF-85B4-8471-880F1E533532" value="true"/>
</engineerTo>
<referedAttribute>1018D05E-1BA9-B412-4CF3-4C082A5826EC</referedAttribute>
<useDomainConstraints>false</useDomainConstraints>
<use>1</use>
<logicalDatatype>LOGDT019</logicalDatatype>
<dataTypePrecision>4</dataTypePrecision>
<ownDataTypeParameters>,4,</ownDataTypeParameters>
</Attribute>
<Attribute name="clinic_id" id="D7D4E4DA-689C-AD08-FE81-837B1B5002F3">
<createdBy>User</createdBy>
<createdTime>2023-09-12 11:18:57 UTC</createdTime>
<commentInRDBMS><![CDATA[Unique identifier for the clinic]]></commentInRDBMS>
<generatorID>3792DF14-65A5-AE3C-822B-F4D264F97B7A</generatorID>
<ownerDesignName>pf_oraclemodel</ownerDesignName>
<engineerTo>
<item key="FD65B8C0-E9FF-85B4-8471-880F1E533532" value="true"/>
</engineerTo>
<referedAttribute>CA40A826-36C1-E88B-EAC2-AC078E5E1026</referedAttribute>
<useDomainConstraints>false</useDomainConstraints>
<use>1</use>
<logicalDatatype>LOGDT019</logicalDatatype>
<dataTypePrecision>4</dataTypePrecision>
<ownDataTypeParameters>,4,</ownDataTypeParameters>
</Attribute>
<Attribute name="initial_visit_id" id="EF166F29-81CB-DBBB-06DE-7A2DBA148632">
<createdBy>User</createdBy>
<createdTime>2023-09-12 14:13:18 UTC</createdTime>
<commentInRDBMS><![CDATA[Unique identifier for a visit]]></commentInRDBMS>
<generatorID>4F746D77-B70B-AAF8-FF2F-1C024115628B</generatorID>
<ownerDesignName>pf_oraclemodel</ownerDesignName>
<engineerTo>
<item key="FD65B8C0-E9FF-85B4-8471-880F1E533532" value="true"/>
</engineerTo>
<nullsAllowed>true</nullsAllowed>
<referedAttribute>B1BC8ABF-774A-0708-3993-3E00D166ECCA</referedAttribute>
<useDomainConstraints>false</useDomainConstraints>
<use>1</use>
<logicalDatatype>LOGDT019</logicalDatatype>
<dataTypePrecision>7</dataTypePrecision>
<ownDataTypeParameters>,7,</ownDataTypeParameters>
</Attribute>
</attributes>
<identifiers itemClass="oracle.dbtools.crest.model.design.logical.CandidateKey">
<identifier id="CA0CCE9D-C6DA-03BC-32CA-2282C43901DB" name="VISIT PK">
<createdBy>benca</createdBy>
<createdTime>2023-09-11 02:16:52 UTC</createdTime>
<ownerDesignName>pf_oraclemodel</ownerDesignName>
<engineerTo>
<item key="FD65B8C0-E9FF-85B4-8471-880F1E533532" value="true"/>
</engineerTo>
<pk>true</pk>
<usedAttributes>
<attributeRef>B1BC8ABF-774A-0708-3993-3E00D166ECCA</attributeRef>
</usedAttributes>
</identifier>
<identifier id="376AECC7-8C8A-EA34-E146-E9829E50B31C" name="VISIT UK">
<createdBy>User</createdBy>
<createdTime>2023-09-12 11:35:10 UTC</createdTime>
<ownerDesignName>pf_oraclemodel</ownerDesignName>
<engineerTo>
<item key="FD65B8C0-E9FF-85B4-8471-880F1E533532" value="true"/>
</engineerTo>
<newElementsIDs>3884EB51-ECFC-E129-AA16-0E65BBC070BE,DFE3DD5A-8E13-90CF-BEDB-7B905B93F1BD</newElementsIDs>
<usedAttributes>
<attributeRef>3884EB51-ECFC-E129-AA16-0E65BBC070BE</attributeRef>
<attributeRef>DFE3DD5A-8E13-90CF-BEDB-7B905B93F1BD</attributeRef>
</usedAttributes>
</identifier>
</identifiers>
</Entity>
