<?xml version = '1.0' encoding = 'UTF-8'?>
<Entity class="oracle.dbtools.crest.model.design.logical.Entity" directorySegmentName="seg_0" id="CFC3C2C0-C18F-616B-2DD2-984F3B420836" name="SERVICE">
<createdBy>benca</createdBy>
<createdTime>2023-09-11 02:31:16 UTC</createdTime>
<ownerDesignName>pf_oraclemodel</ownerDesignName>
<engineerTo>
<item key="FD65B8C0-E9FF-85B4-8471-880F1E533532" value="true"/>
</engineerTo>
<adequatelyNormalized>NO</adequatelyNormalized>
<expectedVolumes>0</expectedVolumes>
<fwdEngineeringStrategyName>Single Table</fwdEngineeringStrategyName>
<growthPercent>0</growthPercent>
<growthType>Year</growthType>
<maxVolumes>9999999</maxVolumes>
<minVolumes>0</minVolumes>
<normalForm>Third</normalForm>
<attributes itemClass="oracle.dbtools.crest.model.design.logical.Attribute">
<Attribute name="service_code" id="AF19AE55-18A7-2BD4-08CA-0625946EEE70">
<createdBy>benca</createdBy>
<createdTime>2023-09-11 02:31:20 UTC</createdTime>
<commentInRDBMS><![CDATA[Service code (unique idenitifier with "ABC00". First three characters uppercase letters, last two characters are numbers)]]></commentInRDBMS>
<ownerDesignName>pf_oraclemodel</ownerDesignName>
<engineerTo>
<item key="FD65B8C0-E9FF-85B4-8471-880F1E533532" value="true"/>
</engineerTo>
<useDomainConstraints>false</useDomainConstraints>
<use>1</use>
<logicalDatatype>LOGDT025</logicalDatatype>
<dataTypeSize>5</dataTypeSize>
<ownDataTypeParameters>5,,</ownDataTypeParameters>
</Attribute>
<Attribute name="service_desc" id="006F7D62-1C91-C443-207B-8D9A561207A8">
<createdBy>benca</createdBy>
<createdTime>2023-09-11 02:31:35 UTC</createdTime>
<commentInRDBMS><![CDATA[Description of service]]></commentInRDBMS>
<ownerDesignName>pf_oraclemodel</ownerDesignName>
<engineerTo>
<item key="FD65B8C0-E9FF-85B4-8471-880F1E533532" value="true"/>
</engineerTo>
<useDomainConstraints>false</useDomainConstraints>
<use>1</use>
<logicalDatatype>LOGDT024</logicalDatatype>
<dataTypeSize>100</dataTypeSize>
<ownDataTypeParameters>100,,</ownDataTypeParameters>
</Attribute>
<Attribute name="service_charge" id="5A066A3B-23F6-BA37-345C-968ECD7EC203">
<createdBy>benca</createdBy>
<createdTime>2023-09-11 02:31:46 UTC</createdTime>
<commentInRDBMS><![CDATA[Standard charge for the service]]></commentInRDBMS>
<ownerDesignName>pf_oraclemodel</ownerDesignName>
<engineerTo>
<item key="FD65B8C0-E9FF-85B4-8471-880F1E533532" value="true"/>
</engineerTo>
<useDomainConstraints>false</useDomainConstraints>
<use>1</use>
<logicalDatatype>LOGDT019</logicalDatatype>
<dataTypePrecision>6</dataTypePrecision>
<dataTypeScale>2</dataTypeScale>
<ownDataTypeParameters>,6,2</ownDataTypeParameters>
</Attribute>
</attributes>
<identifiers itemClass="oracle.dbtools.crest.model.design.logical.CandidateKey">
<identifier id="6B1C72C5-4770-B4FC-825F-9905605EFEDC" name="SERVICE PK">
<createdBy>benca</createdBy>
<createdTime>2023-09-11 02:31:33 UTC</createdTime>
<ownerDesignName>pf_oraclemodel</ownerDesignName>
<engineerTo>
<item key="FD65B8C0-E9FF-85B4-8471-880F1E533532" value="true"/>
</engineerTo>
<pk>true</pk>
<usedAttributes>
<attributeRef>AF19AE55-18A7-2BD4-08CA-0625946EEE70</attributeRef>
</usedAttributes>
</identifier>
</identifiers>
</Entity>
