<?xml version = '1.0' encoding = 'UTF-8'?>
<Entity class="oracle.dbtools.crest.model.design.logical.Entity" directorySegmentName="seg_0" id="EC905B43-2210-DC51-1AED-ECE293140062" name="VET">
<createdBy>benca</createdBy>
<createdTime>2023-09-11 02:07:45 UTC</createdTime>
<ownerDesignName>pf_oraclemodel</ownerDesignName>
<engineerTo>
<item key="FD65B8C0-E9FF-85B4-8471-880F1E533532" value="true"/>
</engineerTo>
<adequatelyNormalized>NO</adequatelyNormalized>
<expectedVolumes>0</expectedVolumes>
<fwdEngineeringStrategyName>Single Table</fwdEngineeringStrategyName>
<growthPercent>0</growthPercent>
<growthType>Year</growthType>
<maxVolumes>9999999</maxVolumes>
<minVolumes>0</minVolumes>
<normalForm>Third</normalForm>
<attributes itemClass="oracle.dbtools.crest.model.design.logical.Attribute">
<Attribute name="vet_id" id="1018D05E-1BA9-B412-4CF3-4C082A5826EC">
<createdBy>benca</createdBy>
<createdTime>2023-09-11 02:07:51 UTC</createdTime>
<commentInRDBMS><![CDATA[Unique identifier for vet]]></commentInRDBMS>
<ownerDesignName>pf_oraclemodel</ownerDesignName>
<engineerTo>
<item key="FD65B8C0-E9FF-85B4-8471-880F1E533532" value="true"/>
</engineerTo>
<useDomainConstraints>false</useDomainConstraints>
<use>1</use>
<logicalDatatype>LOGDT019</logicalDatatype>
<dataTypePrecision>4</dataTypePrecision>
<ownDataTypeParameters>,4,</ownDataTypeParameters>
</Attribute>
<Attribute name="vet_gname" id="2CE3C8D7-EB29-3AEB-0B0B-E4B7739E261D">
<createdBy>benca</createdBy>
<createdTime>2023-09-11 02:08:08 UTC</createdTime>
<commentInRDBMS><![CDATA[Given name of vet (optional because vet may not have a given name)]]></commentInRDBMS>
<ownerDesignName>pf_oraclemodel</ownerDesignName>
<engineerTo>
<item key="FD65B8C0-E9FF-85B4-8471-880F1E533532" value="true"/>
</engineerTo>
<nullsAllowed>true</nullsAllowed>
<useDomainConstraints>false</useDomainConstraints>
<use>1</use>
<logicalDatatype>LOGDT024</logicalDatatype>
<dataTypeSize>30</dataTypeSize>
<ownDataTypeParameters>30,,</ownDataTypeParameters>
</Attribute>
<Attribute name="vet_fname" id="9A67D541-1AA6-1326-BF2A-010D5511C3CE">
<createdBy>benca</createdBy>
<createdTime>2023-09-11 02:08:33 UTC</createdTime>
<commentInRDBMS><![CDATA[Family name of vet (optional because vet may choose not to provide their family name)]]></commentInRDBMS>
<ownerDesignName>pf_oraclemodel</ownerDesignName>
<engineerTo>
<item key="FD65B8C0-E9FF-85B4-8471-880F1E533532" value="true"/>
</engineerTo>
<nullsAllowed>true</nullsAllowed>
<useDomainConstraints>false</useDomainConstraints>
<use>1</use>
<logicalDatatype>LOGDT024</logicalDatatype>
<dataTypeSize>30</dataTypeSize>
<ownDataTypeParameters>30,,</ownDataTypeParameters>
</Attribute>
<Attribute name="vet_phoneno" id="5EAC0100-F7CD-E0E4-6E34-A21B03A95D08">
<createdBy>benca</createdBy>
<createdTime>2023-09-11 02:08:57 UTC</createdTime>
<commentInRDBMS><![CDATA[Phone number of vet]]></commentInRDBMS>
<ownerDesignName>pf_oraclemodel</ownerDesignName>
<engineerTo>
<item key="FD65B8C0-E9FF-85B4-8471-880F1E533532" value="true"/>
</engineerTo>
<useDomainConstraints>false</useDomainConstraints>
<use>1</use>
<logicalDatatype>LOGDT025</logicalDatatype>
<dataTypeSize>10</dataTypeSize>
<ownDataTypeParameters>10,,</ownDataTypeParameters>
</Attribute>
<Attribute name="vet_dateemployed" id="166E05B9-B34D-BC0D-3CA3-279E346B75FC">
<createdBy>benca</createdBy>
<createdTime>2023-09-11 02:09:14 UTC</createdTime>
<commentInRDBMS><![CDATA[Date of employment for vet]]></commentInRDBMS>
<ownerDesignName>pf_oraclemodel</ownerDesignName>
<engineerTo>
<item key="FD65B8C0-E9FF-85B4-8471-880F1E533532" value="true"/>
</engineerTo>
<useDomainConstraints>false</useDomainConstraints>
<use>1</use>
<logicalDatatype>LOGDT007</logicalDatatype>
<ownDataTypeParameters>,,</ownDataTypeParameters>
</Attribute>
<Attribute name="clinic_id" id="7DB781EC-A074-1195-01CE-700A57131A61">
<createdBy>User</createdBy>
<createdTime>2023-09-12 10:51:09 UTC</createdTime>
<commentInRDBMS><![CDATA[Unique identifier for the clinic]]></commentInRDBMS>
<generatorID>FFFCBAF7-9F41-D2C5-E51E-96A80FCE9680</generatorID>
<ownerDesignName>pf_oraclemodel</ownerDesignName>
<engineerTo>
<item key="FD65B8C0-E9FF-85B4-8471-880F1E533532" value="true"/>
</engineerTo>
<referedAttribute>CA40A826-36C1-E88B-EAC2-AC078E5E1026</referedAttribute>
<useDomainConstraints>false</useDomainConstraints>
<use>1</use>
<logicalDatatype>LOGDT019</logicalDatatype>
<dataTypePrecision>4</dataTypePrecision>
<ownDataTypeParameters>,4,</ownDataTypeParameters>
</Attribute>
<Attribute name="speciality_id" id="1F0A6C4B-5021-5ADB-CFB2-FCC8C94BD0AB">
<createdBy>User</createdBy>
<createdTime>2023-09-12 11:15:21 UTC</createdTime>
<commentInRDBMS><![CDATA[Unique Identifyer for Speciality]]></commentInRDBMS>
<generatorID>4CCAE0ED-9124-79D1-D269-F189D9EBFB28</generatorID>
<ownerDesignName>pf_oraclemodel</ownerDesignName>
<engineerTo>
<item key="FD65B8C0-E9FF-85B4-8471-880F1E533532" value="true"/>
</engineerTo>
<nullsAllowed>true</nullsAllowed>
<referedAttribute>701E6C0D-C88F-62F2-0C92-77B45F8A697D</referedAttribute>
<useDomainConstraints>false</useDomainConstraints>
<use>1</use>
<logicalDatatype>LOGDT019</logicalDatatype>
<dataTypePrecision>3</dataTypePrecision>
<ownDataTypeParameters>,3,</ownDataTypeParameters>
</Attribute>
</attributes>
<identifiers itemClass="oracle.dbtools.crest.model.design.logical.CandidateKey">
<identifier id="4B97C42F-1745-9A5A-D41B-606753B8F32B" name="VET PK">
<createdBy>benca</createdBy>
<createdTime>2023-09-11 02:08:00 UTC</createdTime>
<ownerDesignName>pf_oraclemodel</ownerDesignName>
<engineerTo>
<item key="FD65B8C0-E9FF-85B4-8471-880F1E533532" value="true"/>
</engineerTo>
<pk>true</pk>
<usedAttributes>
<attributeRef>1018D05E-1BA9-B412-4CF3-4C082A5826EC</attributeRef>
</usedAttributes>
</identifier>
</identifiers>
</Entity>
