<?xml version = '1.0' encoding = 'UTF-8'?>
<Diagram class="oracle.dbtools.crest.swingui.logical.DPVLogical" name="Logical" id="6D3E08E2-BAEF-5AA9-91F0-22E71B6CA586">
<createdBy>A02 Group 043</createdBy>
<modifiedBy>bedw0004, yyew0004</modifiedBy>
<createdTime>2023-09-11 01:56:08 UTC</createdTime>
<autoRoute>false</autoRoute>
<boxInbox>true</boxInbox>
<showLegend>true</showLegend>
<showLabels>true</showLabels>
<showRelAttributes>false</showRelAttributes>
<gridEnabled>false</gridEnabled>
<showGrid>false</showGrid>
<diagramColor>-1</diagramColor>
<display>false</display>
<notation>2</notation>
<showAllDetails>false</showAllDetails>
<showElements>true</showElements>
<objectViews>
<OView class="oracle.dbtools.crest.swingui.TVLegend" oid="19ED669D-0CB4-EB62-7083-B449A3F2D938" otype="Legend" vid="E040D83D-6593-80B1-C237-8BFE890551FD">
<hideElementsInCurrentOnly>false</hideElementsInCurrentOnly>
<bounds x="10" y="10" width="232" height="135"/>
</OView>
<OView class="oracle.dbtools.crest.swingui.logical.TVEntity" oid="40D02555-1193-3B39-4387-13BE1CCD8E00" otype="Entity" vid="0E1E32D7-A134-3026-46A2-4E92EF151AD6">
<hideElementsInCurrentOnly>false</hideElementsInCurrentOnly>
<bounds x="678" y="111" width="149" height="110"/>
</OView>
<OView class="oracle.dbtools.crest.swingui.logical.TVEntity" oid="45D10B19-668B-7B55-878E-6F76BAF08F28" otype="Entity" vid="8ED0E45B-EAE6-6F36-A2C4-DD6242E9C3BC">
<hideElementsInCurrentOnly>false</hideElementsInCurrentOnly>
<bounds x="957" y="107" width="148" height="111"/>
</OView>
<OView class="oracle.dbtools.crest.swingui.logical.TVEntity" oid="5C0C47AE-C27C-31A4-1621-818BEE06335A" otype="Entity" vid="716576FC-C944-B80A-C5DB-B285B3100D72">
<hideElementsInCurrentOnly>false</hideElementsInCurrentOnly>
<bounds x="961" y="357" width="137" height="73"/>
</OView>
<OView class="oracle.dbtools.crest.swingui.logical.TVEntity" oid="6A869E8E-B835-66C7-4C9C-0856BD720B98" otype="Entity" vid="7D1ABF1B-98EA-7E9B-3624-68FDBD9CC1E6">
<hideElementsInCurrentOnly>false</hideElementsInCurrentOnly>
<bounds x="414" y="312" width="137" height="108"/>
</OView>
<OView class="oracle.dbtools.crest.swingui.logical.TVEntity" oid="6E489605-A658-4109-A736-80288A32648E" otype="Entity" vid="C8D4F44C-6E39-31E3-5543-76514E9C4D36">
<hideElementsInCurrentOnly>false</hideElementsInCurrentOnly>
<bounds x="981" y="487" width="153" height="110"/>
</OView>
<OView class="oracle.dbtools.crest.swingui.logical.TVEntity" oid="6F4D99B0-73A1-03C1-9B47-268FC2221E45" otype="Entity" vid="CB561522-94F6-80FF-79DF-D5ED42818BE3">
<hideElementsInCurrentOnly>false</hideElementsInCurrentOnly>
<bounds x="1275" y="506" width="131" height="89"/>
</OView>
<OView class="oracle.dbtools.crest.swingui.logical.TVEntity" oid="700553C3-D7AE-4FED-C6B6-63A16C1BE9A3" otype="Entity" vid="8AC5F62D-D41D-9B67-4CEB-26A67230B424">
<hideElementsInCurrentOnly>false</hideElementsInCurrentOnly>
<bounds x="413" y="749" width="144" height="97"/>
</OView>
<OView class="oracle.dbtools.crest.swingui.logical.TVEntity" oid="84CFC0FD-BCA3-4774-EAB2-EA7FD5282980" otype="Entity" vid="78B3B96D-F624-63FF-60A6-E07906AA3EBE">
<hideElementsInCurrentOnly>false</hideElementsInCurrentOnly>
<bounds x="153" y="580" width="142" height="79"/>
</OView>
<OView class="oracle.dbtools.crest.swingui.logical.TVEntity" oid="91F479E1-2A52-0237-F575-8945395E9204" otype="Entity" vid="F05D7C16-A2F0-625E-CD81-92884AD7F18F">
<hideElementsInCurrentOnly>false</hideElementsInCurrentOnly>
<bounds x="415" y="561" width="139" height="116"/>
</OView>
<OView class="oracle.dbtools.crest.swingui.logical.TVEntity" oid="A7E4FC74-9AAC-A1BB-0C10-B3C927CB22C8" otype="Entity" vid="08FBB4F4-5F1C-2816-A86B-782F02456BA9">
<hideElementsInCurrentOnly>false</hideElementsInCurrentOnly>
<bounds x="681" y="504" width="147" height="188"/>
</OView>
<OView class="oracle.dbtools.crest.swingui.logical.TVEntity" oid="CFC3C2C0-C18F-616B-2DD2-984F3B420836" otype="Entity" vid="88022D80-9F11-0522-F924-50CACBF68542">
<hideElementsInCurrentOnly>false</hideElementsInCurrentOnly>
<bounds x="1278" y="620" width="138" height="81"/>
</OView>
<OView class="oracle.dbtools.crest.swingui.logical.TVEntity" oid="D0159928-93D7-5E1D-4CBC-3DAED39AD24F" otype="Entity" vid="AC48D35C-B9A9-7824-9F55-691B1247E071">
<hideElementsInCurrentOnly>false</hideElementsInCurrentOnly>
<bounds x="981" y="626" width="156" height="78"/>
</OView>
<OView class="oracle.dbtools.crest.swingui.logical.TVEntity" oid="EC905B43-2210-DC51-1AED-ECE293140062" otype="Entity" vid="D9BF2867-3068-B07C-BF19-29AC0361D3CD">
<hideElementsInCurrentOnly>false</hideElementsInCurrentOnly>
<bounds x="677" y="305" width="146" height="125"/>
</OView>
</objectViews>
<connectors>
<Connector class="oracle.dbtools.crest.swingui.logical.TVRelation" oid="19EE97E7-3166-D643-2DF2-94F658420F3E" otype="Relation" vid_source="78B3B96D-F624-63FF-60A6-E07906AA3EBE" vid_target="F05D7C16-A2F0-625E-CD81-92884AD7F18F">
<hideElementsInCurrentOnly>false</hideElementsInCurrentOnly>
<backgroundColor>-16777216</backgroundColor>
<lineWidth>1</lineWidth>
<sourceLabel class="oracle.dbtools.crest.model.design.Label">
<site>0</site>
<labelBounds x="305" y="586" width="67" height="33"/>
<noBackgroundColor>true</noBackgroundColor>
<noForegroundColor>true</noForegroundColor>
</sourceLabel>
<targetLabel class="oracle.dbtools.crest.model.design.Label">
<site>2</site>
<labelBounds x="393" y="622" width="16" height="28"/>
<noBackgroundColor>true</noBackgroundColor>
<noForegroundColor>true</noForegroundColor>
</targetLabel>
<points>
<point x="295" y="619"/>
<point x="415" y="619"/>
</points>
</Connector>
<Connector class="oracle.dbtools.crest.swingui.logical.TVRelation" oid="1D68649A-8BD3-4EE4-D997-0840CF7D4CD7" otype="Relation" vid_source="D9BF2867-3068-B07C-BF19-29AC0361D3CD" vid_target="08FBB4F4-5F1C-2816-A86B-782F02456BA9">
<hideElementsInCurrentOnly>false</hideElementsInCurrentOnly>
<backgroundColor>-16777216</backgroundColor>
<lineWidth>1</lineWidth>
<sourceLabel class="oracle.dbtools.crest.model.design.Label">
<site>0</site>
<labelBounds x="722" y="466" width="64" height="30"/>
<noBackgroundColor>true</noBackgroundColor>
<noForegroundColor>true</noForegroundColor>
</sourceLabel>
<targetLabel class="oracle.dbtools.crest.model.design.Label">
<site>2</site>
<labelBounds x="722" y="469" width="17" height="29"/>
<noBackgroundColor>true</noBackgroundColor>
<noForegroundColor>true</noForegroundColor>
</targetLabel>
<points>
<point x="722" y="430"/>
<point x="722" y="504"/>
</points>
</Connector>
<Connector class="oracle.dbtools.crest.swingui.logical.TVRelation" oid="2F8D54F3-E1AC-A397-1469-71F0BAF6DB51" otype="Relation" vid_source="88022D80-9F11-0522-F924-50CACBF68542" vid_target="AC48D35C-B9A9-7824-9F55-691B1247E071">
<hideElementsInCurrentOnly>false</hideElementsInCurrentOnly>
<backgroundColor>-16777216</backgroundColor>
<lineWidth>1</lineWidth>
<sourceLabel class="oracle.dbtools.crest.model.design.Label">
<site>0</site>
<labelBounds x="1204" y="633" width="68" height="30"/>
<noBackgroundColor>true</noBackgroundColor>
<noForegroundColor>true</noForegroundColor>
</sourceLabel>
<targetLabel class="oracle.dbtools.crest.model.design.Label">
<site>2</site>
<labelBounds x="1147" y="666" width="18" height="30"/>
<noBackgroundColor>true</noBackgroundColor>
<noForegroundColor>true</noForegroundColor>
</targetLabel>
<points>
<point x="1278" y="663"/>
<point x="1137" y="663"/>
</points>
</Connector>
<Connector class="oracle.dbtools.crest.swingui.logical.TVRelation" oid="3792DF14-65A5-AE3C-822B-F4D264F97B7A" otype="Relation" vid_source="7D1ABF1B-98EA-7E9B-3624-68FDBD9CC1E6" vid_target="08FBB4F4-5F1C-2816-A86B-782F02456BA9">
<hideElementsInCurrentOnly>false</hideElementsInCurrentOnly>
<backgroundColor>-16777216</backgroundColor>
<lineWidth>1</lineWidth>
<sourceLabel class="oracle.dbtools.crest.model.design.Label">
<site>0</site>
<labelBounds x="467" y="456" width="38" height="30"/>
<noBackgroundColor>true</noBackgroundColor>
<noForegroundColor>true</noForegroundColor>
</sourceLabel>
<targetLabel class="oracle.dbtools.crest.model.design.Label">
<site>2</site>
<labelBounds x="657" y="528" width="18" height="30"/>
<noBackgroundColor>true</noBackgroundColor>
<noForegroundColor>true</noForegroundColor>
</targetLabel>
<points>
<point x="467" y="420"/>
<point x="467" y="525"/>
<point x="681" y="525"/>
</points>
</Connector>
<Connector class="oracle.dbtools.crest.swingui.logical.TVRelation" oid="4CCAE0ED-9124-79D1-D269-F189D9EBFB28" otype="Relation" vid_source="716576FC-C944-B80A-C5DB-B285B3100D72" vid_target="D9BF2867-3068-B07C-BF19-29AC0361D3CD">
<hideElementsInCurrentOnly>false</hideElementsInCurrentOnly>
<backgroundColor>-16777216</backgroundColor>
<lineWidth>1</lineWidth>
<sourceLabel class="oracle.dbtools.crest.model.design.Label">
<site>0</site>
<labelBounds x="918" y="363" width="37" height="30"/>
<noBackgroundColor>true</noBackgroundColor>
<noForegroundColor>true</noForegroundColor>
</sourceLabel>
<targetLabel class="oracle.dbtools.crest.model.design.Label">
<site>2</site>
<labelBounds x="833" y="396" width="18" height="30"/>
<noBackgroundColor>true</noBackgroundColor>
<noForegroundColor>true</noForegroundColor>
</targetLabel>
<points>
<point x="961" y="393"/>
<point x="823" y="393"/>
</points>
</Connector>
<Connector class="oracle.dbtools.crest.swingui.logical.TVRelation" oid="4F746D77-B70B-AAF8-FF2F-1C024115628B" otype="Relation" vid_source="08FBB4F4-5F1C-2816-A86B-782F02456BA9" vid_target="08FBB4F4-5F1C-2816-A86B-782F02456BA9">
<hideElementsInCurrentOnly>false</hideElementsInCurrentOnly>
<backgroundColor>-16777216</backgroundColor>
<lineWidth>1</lineWidth>
<sourceLabel class="oracle.dbtools.crest.model.design.Label">
<site>0</site>
<labelBounds x="802" y="770" width="112" height="33"/>
<noBackgroundColor>true</noBackgroundColor>
<noForegroundColor>true</noForegroundColor>
</sourceLabel>
<targetLabel class="oracle.dbtools.crest.model.design.Label">
<site>2</site>
<labelBounds x="708" y="742" width="18" height="30"/>
<noBackgroundColor>true</noBackgroundColor>
<noForegroundColor>true</noForegroundColor>
</targetLabel>
<points>
<point x="802" y="692"/>
<point x="802" y="755"/>
<point x="708" y="755"/>
<point x="708" y="692"/>
</points>
</Connector>
<Connector class="oracle.dbtools.crest.swingui.logical.TVRelation" oid="600DAEA1-8E3F-E3C5-3759-BC3CBB366009" otype="Relation" vid_source="7D1ABF1B-98EA-7E9B-3624-68FDBD9CC1E6" vid_target="0E1E32D7-A134-3026-46A2-4E92EF151AD6">
<hideElementsInCurrentOnly>false</hideElementsInCurrentOnly>
<backgroundColor>-16777216</backgroundColor>
<lineWidth>1</lineWidth>
<sourceLabel class="oracle.dbtools.crest.model.design.Label">
<site>0</site>
<labelBounds x="476" y="268" width="40" height="30"/>
<noBackgroundColor>true</noBackgroundColor>
<noForegroundColor>true</noForegroundColor>
</sourceLabel>
<targetLabel class="oracle.dbtools.crest.model.design.Label">
<site>2</site>
<labelBounds x="654" y="169" width="18" height="30"/>
<noBackgroundColor>true</noBackgroundColor>
<noForegroundColor>true</noForegroundColor>
</targetLabel>
<points>
<point x="476" y="312"/>
<point x="476" y="166"/>
<point x="678" y="166"/>
</points>
</Connector>
<Connector class="oracle.dbtools.crest.swingui.logical.TVRelation" oid="624D5182-6F22-4385-8657-E28384283D3B" otype="Relation" vid_source="CB561522-94F6-80FF-79DF-D5ED42818BE3" vid_target="C8D4F44C-6E39-31E3-5543-76514E9C4D36">
<hideElementsInCurrentOnly>false</hideElementsInCurrentOnly>
<backgroundColor>-16777216</backgroundColor>
<lineWidth>1</lineWidth>
<sourceLabel class="oracle.dbtools.crest.model.design.Label">
<site>0</site>
<labelBounds x="1188" y="520" width="81" height="30"/>
<noBackgroundColor>true</noBackgroundColor>
<noForegroundColor>true</noForegroundColor>
</sourceLabel>
<targetLabel class="oracle.dbtools.crest.model.design.Label">
<site>2</site>
<labelBounds x="1144" y="553" width="18" height="30"/>
<noBackgroundColor>true</noBackgroundColor>
<noForegroundColor>true</noForegroundColor>
</targetLabel>
<points>
<point x="1275" y="550"/>
<point x="1134" y="550"/>
</points>
</Connector>
<Connector class="oracle.dbtools.crest.swingui.logical.TVRelation" oid="688E4F34-3C0B-6EE0-B2D4-5B7D11298865" otype="Relation" vid_source="D9BF2867-3068-B07C-BF19-29AC0361D3CD" vid_target="8ED0E45B-EAE6-6F36-A2C4-DD6242E9C3BC">
<hideElementsInCurrentOnly>false</hideElementsInCurrentOnly>
<backgroundColor>-16777216</backgroundColor>
<lineWidth>1</lineWidth>
<sourceLabel class="oracle.dbtools.crest.model.design.Label">
<site>0</site>
<labelBounds x="833" y="309" width="54" height="30"/>
<noBackgroundColor>true</noBackgroundColor>
<noForegroundColor>true</noForegroundColor>
</sourceLabel>
<targetLabel class="oracle.dbtools.crest.model.design.Label">
<site>2</site>
<labelBounds x="1030" y="254" width="18" height="30"/>
<noBackgroundColor>true</noBackgroundColor>
<noForegroundColor>true</noForegroundColor>
</targetLabel>
<points>
<point x="823" y="339"/>
<point x="1030" y="339"/>
<point x="1030" y="218"/>
</points>
</Connector>
<Connector class="oracle.dbtools.crest.swingui.logical.TVRelation" oid="696E868D-7B2B-F629-3AFF-EC1F849E2EE9" otype="Relation" vid_source="D9BF2867-3068-B07C-BF19-29AC0361D3CD" vid_target="7D1ABF1B-98EA-7E9B-3624-68FDBD9CC1E6">
<hideElementsInCurrentOnly>false</hideElementsInCurrentOnly>
<backgroundColor>-16777216</backgroundColor>
<lineWidth>1</lineWidth>
<sourceLabel class="oracle.dbtools.crest.model.design.Label">
<site>0</site>
<labelBounds x="625" y="383" width="46" height="18"/>
<noBackgroundColor>true</noBackgroundColor>
<noForegroundColor>true</noForegroundColor>
</sourceLabel>
<targetLabel class="oracle.dbtools.crest.model.design.Label">
<site>2</site>
<labelBounds x="561" y="404" width="21" height="35"/>
<noBackgroundColor>true</noBackgroundColor>
<noForegroundColor>true</noForegroundColor>
</targetLabel>
<points>
<point x="677" y="401"/>
<point x="551" y="401"/>
</points>
</Connector>
<Connector class="oracle.dbtools.crest.swingui.logical.TVRelation" oid="6A61191C-E424-8B7B-BA77-13FA76C403E2" otype="Relation" vid_source="D9BF2867-3068-B07C-BF19-29AC0361D3CD" vid_target="0E1E32D7-A134-3026-46A2-4E92EF151AD6">
<hideElementsInCurrentOnly>false</hideElementsInCurrentOnly>
<backgroundColor>-16777216</backgroundColor>
<lineWidth>1</lineWidth>
<sourceLabel class="oracle.dbtools.crest.model.design.Label">
<site>0</site>
<labelBounds x="750" y="237" width="54" height="30"/>
<noBackgroundColor>true</noBackgroundColor>
<noForegroundColor>true</noForegroundColor>
</sourceLabel>
<targetLabel class="oracle.dbtools.crest.model.design.Label">
<site>2</site>
<labelBounds x="750" y="265" width="18" height="30"/>
<noBackgroundColor>true</noBackgroundColor>
<noForegroundColor>true</noForegroundColor>
</targetLabel>
<points>
<point x="750" y="305"/>
<point x="750" y="221"/>
</points>
</Connector>
<Connector class="oracle.dbtools.crest.swingui.logical.TVRelation" oid="98FA768A-682B-1BDA-D24D-99DB1BDF1474" otype="Relation" vid_source="F05D7C16-A2F0-625E-CD81-92884AD7F18F" vid_target="08FBB4F4-5F1C-2816-A86B-782F02456BA9">
<hideElementsInCurrentOnly>false</hideElementsInCurrentOnly>
<backgroundColor>-16777216</backgroundColor>
<lineWidth>1</lineWidth>
<sourceLabel class="oracle.dbtools.crest.model.design.Label">
<site>0</site>
<labelBounds x="564" y="589" width="64" height="30"/>
<noBackgroundColor>true</noBackgroundColor>
<noForegroundColor>true</noForegroundColor>
</sourceLabel>
<targetLabel class="oracle.dbtools.crest.model.design.Label">
<site>2</site>
<labelBounds x="657" y="622" width="18" height="30"/>
<noBackgroundColor>true</noBackgroundColor>
<noForegroundColor>true</noForegroundColor>
</targetLabel>
<points>
<point x="554" y="619"/>
<point x="681" y="619"/>
</points>
</Connector>
<Connector class="oracle.dbtools.crest.swingui.logical.TVRelation" oid="B5927CB8-961E-C08C-86F3-CF754C6678DE" otype="Relation" vid_source="0E1E32D7-A134-3026-46A2-4E92EF151AD6" vid_target="8ED0E45B-EAE6-6F36-A2C4-DD6242E9C3BC">
<hideElementsInCurrentOnly>false</hideElementsInCurrentOnly>
<backgroundColor>-16777216</backgroundColor>
<lineWidth>1</lineWidth>
<sourceLabel class="oracle.dbtools.crest.model.design.Label">
<site>0</site>
<labelBounds x="837" y="134" width="39" height="30"/>
<noBackgroundColor>true</noBackgroundColor>
<noForegroundColor>true</noForegroundColor>
</sourceLabel>
<targetLabel class="oracle.dbtools.crest.model.design.Label">
<site>2</site>
<labelBounds x="933" y="167" width="18" height="30"/>
<noBackgroundColor>true</noBackgroundColor>
<noForegroundColor>true</noForegroundColor>
</targetLabel>
<points>
<point x="827" y="164"/>
<point x="957" y="164"/>
</points>
</Connector>
<Connector class="oracle.dbtools.crest.swingui.logical.TVRelation" oid="C6D2D5B3-6698-84A6-D96E-82E1A3342217" otype="Relation" vid_source="8AC5F62D-D41D-9B67-4CEB-26A67230B424" vid_target="F05D7C16-A2F0-625E-CD81-92884AD7F18F">
<hideElementsInCurrentOnly>false</hideElementsInCurrentOnly>
<backgroundColor>-16777216</backgroundColor>
<lineWidth>1</lineWidth>
<sourceLabel class="oracle.dbtools.crest.model.design.Label">
<site>0</site>
<labelBounds x="484" y="713" width="38" height="30"/>
<noBackgroundColor>true</noBackgroundColor>
<noForegroundColor>true</noForegroundColor>
</sourceLabel>
<targetLabel class="oracle.dbtools.crest.model.design.Label">
<site>2</site>
<labelBounds x="484" y="729" width="18" height="30"/>
<noBackgroundColor>true</noBackgroundColor>
<noForegroundColor>true</noForegroundColor>
</targetLabel>
<points>
<point x="484" y="749"/>
<point x="484" y="677"/>
</points>
</Connector>
<Connector class="oracle.dbtools.crest.swingui.logical.TVRelation" oid="DAC39A0E-D232-97E3-EE6A-9D37EDBFA967" otype="Relation" vid_source="08FBB4F4-5F1C-2816-A86B-782F02456BA9" vid_target="C8D4F44C-6E39-31E3-5543-76514E9C4D36">
<hideElementsInCurrentOnly>false</hideElementsInCurrentOnly>
<backgroundColor>-16777216</backgroundColor>
<lineWidth>1</lineWidth>
<sourceLabel class="oracle.dbtools.crest.model.design.Label">
<site>0</site>
<labelBounds x="838" y="520" width="62" height="30"/>
<noBackgroundColor>true</noBackgroundColor>
<noForegroundColor>true</noForegroundColor>
</sourceLabel>
<targetLabel class="oracle.dbtools.crest.model.design.Label">
<site>2</site>
<labelBounds x="957" y="553" width="18" height="30"/>
<noBackgroundColor>true</noBackgroundColor>
<noForegroundColor>true</noForegroundColor>
</targetLabel>
<points>
<point x="828" y="550"/>
<point x="981" y="550"/>
</points>
</Connector>
<Connector class="oracle.dbtools.crest.swingui.logical.TVRelation" oid="EAAE9FBC-5861-3386-93C1-6077A24FF68D" otype="Relation" vid_source="08FBB4F4-5F1C-2816-A86B-782F02456BA9" vid_target="AC48D35C-B9A9-7824-9F55-691B1247E071">
<hideElementsInCurrentOnly>false</hideElementsInCurrentOnly>
<backgroundColor>-16777216</backgroundColor>
<lineWidth>1</lineWidth>
<sourceLabel class="oracle.dbtools.crest.model.design.Label">
<site>0</site>
<labelBounds x="838" y="629" width="55" height="30"/>
<noBackgroundColor>true</noBackgroundColor>
<noForegroundColor>true</noForegroundColor>
</sourceLabel>
<targetLabel class="oracle.dbtools.crest.model.design.Label">
<site>2</site>
<labelBounds x="957" y="662" width="18" height="30"/>
<noBackgroundColor>true</noBackgroundColor>
<noForegroundColor>true</noForegroundColor>
</targetLabel>
<points>
<point x="828" y="659"/>
<point x="981" y="659"/>
</points>
</Connector>
<Connector class="oracle.dbtools.crest.swingui.logical.TVRelation" oid="FFFCBAF7-9F41-D2C5-E51E-96A80FCE9680" otype="Relation" vid_source="7D1ABF1B-98EA-7E9B-3624-68FDBD9CC1E6" vid_target="D9BF2867-3068-B07C-BF19-29AC0361D3CD">
<hideElementsInCurrentOnly>false</hideElementsInCurrentOnly>
<backgroundColor>-16777216</backgroundColor>
<lineWidth>1</lineWidth>
<sourceLabel class="oracle.dbtools.crest.model.design.Label">
<site>0</site>
<labelBounds x="561" y="336" width="46" height="30"/>
<noBackgroundColor>true</noBackgroundColor>
<noForegroundColor>true</noForegroundColor>
</sourceLabel>
<targetLabel class="oracle.dbtools.crest.model.design.Label">
<site>2</site>
<labelBounds x="653" y="369" width="18" height="30"/>
<noBackgroundColor>true</noBackgroundColor>
<noForegroundColor>true</noForegroundColor>
</targetLabel>
<points>
<point x="551" y="366"/>
<point x="677" y="366"/>
</points>
</Connector>
</connectors>
</Diagram>
